OTU97_4;size=31980	d:Eukaryota(1.00),k:Fungi(1.00),p:Basidiomycota(0.99),c:Agaricomycetes(0.31),o:Phallales(0.31),f:Phallaceae(0.31),g:Phallus(0.31),s:Phallus_rugulosus(0.31)	+	d:Eukaryota,k:Fungi,p:Basidiomycota
OTU97_3;size=67048	d:Eukaryota(1.00),k:Fungi(1.00),p:Ascomycota(0.97),c:Dothideomycetes(0.97),o:Capnodiales(0.97),f:Cladosporiaceae(0.97),g:Cladosporium(0.97),s:Cladosporium_dominicanum(0.95)	+	d:Eukaryota,k:Fungi,p:Ascomycota,c:Dothideomycetes,o:Capnodiales,f:Cladosporiaceae,g:Cladosporium,s:Cladosporium_dominicanum
OTU97_6;size=6632	d:Eukaryota(1.00),k:Fungi(1.00),p:unidentified(0.60),c:unidentified(0.91),o:unidentified(0.93),f:unidentified(0.95),g:unidentified(0.97),s:Fungi_sp(0.60)	+	d:Eukaryota,k:Fungi,p:unidentified,c:unidentified,o:unidentified,f:unidentified,g:unidentified,s:Fungi_sp
OTU97_1;size=117413	d:Eukaryota(1.00),k:Fungi(1.00),p:Ascomycota(1.00),c:Dothideomycetes(1.00),o:Capnodiales(1.00),f:Cladosporiaceae(1.00),g:Cladosporium(1.00),s:Cladosporium_sp(1.00)	+	d:Eukaryota,k:Fungi,p:Ascomycota,c:Dothideomycetes,o:Capnodiales,f:Cladosporiaceae,g:Cladosporium,s:Cladosporium_sp
OTU97_11;size=5566	d:Eukaryota(1.00),k:Fungi(1.00),p:unidentified(1.00),c:unidentified(1.00),o:unidentified(1.00),f:unidentified(1.00),g:unidentified(1.00),s:Fungi_sp(1.00)	+	d:Eukaryota,k:Fungi,p:unidentified,c:unidentified,o:unidentified,f:unidentified,g:unidentified,s:Fungi_sp
OTU97_9;size=10143	d:Eukaryota(1.00),k:Fungi(1.00),p:Ascomycota(1.00),c:Sordariomycetes(1.00),o:Hypocreales(1.00),f:Nectriaceae(1.00),g:unidentified(1.00),s:Nectriaceae_sp(1.00)	+	d:Eukaryota,k:Fungi,p:Ascomycota,c:Sordariomycetes,o:Hypocreales,f:Nectriaceae,g:unidentified,s:Nectriaceae_sp
OTU97_7;size=6426	d:Eukaryota(1.00),k:Fungi(1.00),p:Ascomycota(1.00),c:unidentified(0.95),o:unidentified(0.95),f:unidentified(0.95),g:unidentified(0.95),s:Ascomycota_sp(0.95)	+	d:Eukaryota,k:Fungi,p:Ascomycota,c:unidentified,o:unidentified,f:unidentified,g:unidentified,s:Ascomycota_sp
OTU97_8;size=5929	d:Eukaryota(1.00),k:Fungi(0.99),p:Ascomycota(0.83),c:unidentified(0.99),o:unidentified(0.99),f:unidentified(0.99),g:unidentified(0.99),s:Ascomycota_sp(0.83)	+	d:Eukaryota,k:Fungi,p:Ascomycota,c:unidentified,o:unidentified,f:unidentified,g:unidentified,s:Ascomycota_sp
OTU97_5;size=22972	d:Eukaryota(1.00),k:Fungi(1.00),p:Ascomycota(1.00),c:Dothideomycetes(1.00),o:Capnodiales(1.00),f:Cladosporiaceae(1.00),g:Cladosporium(1.00),s:Cladosporium_sp(1.00)	+	d:Eukaryota,k:Fungi,p:Ascomycota,c:Dothideomycetes,o:Capnodiales,f:Cladosporiaceae,g:Cladosporium,s:Cladosporium_sp
OTU97_2;size=77526	d:Eukaryota(1.00),k:Fungi(1.00),p:Ascomycota(1.00),c:Sordariomycetes(1.00),o:Hypocreales(1.00),f:Nectriaceae(1.00),g:unidentified(1.00),s:Nectriaceae_sp(1.00)	+	d:Eukaryota,k:Fungi,p:Ascomycota,c:Sordariomycetes,o:Hypocreales,f:Nectriaceae,g:unidentified,s:Nectriaceae_sp
OTU97_12;size=5120	d:Eukaryota(1.00),k:Fungi(1.00),p:Ascomycota(1.00),c:Eurotiomycetes(1.00),o:Eurotiales(1.00),f:Aspergillaceae(1.00),g:Penicillium(1.00),s:Penicillium_sp(1.00)	+	d:Eukaryota,k:Fungi,p:Ascomycota,c:Eurotiomycetes,o:Eurotiales,f:Aspergillaceae,g:Penicillium,s:Penicillium_sp
OTU97_10;size=9046	d:Eukaryota(1.00),k:Fungi(1.00),p:unidentified(0.79),c:unidentified(0.79),o:unidentified(0.79),f:unidentified(0.79),g:unidentified(0.79),s:Fungi_sp(0.79)	+	d:Eukaryota,k:Fungi,p:unidentified,c:unidentified,o:unidentified,f:unidentified,g:unidentified,s:Fungi_sp
OTU97_13;size=5431	d:Eukaryota(1.00),k:Fungi(1.00),p:Ascomycota(1.00),c:Eurotiomycetes(1.00),o:Eurotiales(1.00),f:Aspergillaceae(1.00),g:Aspergillus(0.95),s:Aspergillus_sp(0.95)	+	d:Eukaryota,k:Fungi,p:Ascomycota,c:Eurotiomycetes,o:Eurotiales,f:Aspergillaceae,g:Aspergillus,s:Aspergillus_sp
OTU97_15;size=4129	d:Eukaryota(1.00),k:Fungi(1.00),p:unidentified(1.00),c:unidentified(1.00),o:unidentified(1.00),f:unidentified(1.00),g:unidentified(1.00),s:Fungi_sp(1.00)	+	d:Eukaryota,k:Fungi,p:unidentified,c:unidentified,o:unidentified,f:unidentified,g:unidentified,s:Fungi_sp
OTU97_14;size=4887	d:Eukaryota(1.00),k:Fungi(1.00),p:Ascomycota(1.00),c:unidentified(1.00),o:unidentified(1.00),f:unidentified(1.00),g:unidentified(1.00),s:Ascomycota_sp(1.00)	+	d:Eukaryota,k:Fungi,p:Ascomycota,c:unidentified,o:unidentified,f:unidentified,g:unidentified,s:Ascomycota_sp
OTU97_18;size=3345	d:Eukaryota(1.00),k:Fungi(1.00),p:Ascomycota(1.00),c:Eurotiomycetes(1.00),o:Eurotiales(1.00),f:Aspergillaceae(1.00),g:Aspergillus(0.85),s:Aspergillus_caespitosus(0.85)	+	d:Eukaryota,k:Fungi,p:Ascomycota,c:Eurotiomycetes,o:Eurotiales,f:Aspergillaceae,g:Aspergillus,s:Aspergillus_caespitosus
OTU97_20;size=1972	d:Eukaryota(1.00),k:Fungi(1.00),p:Ascomycota(1.00),c:Eurotiomycetes(1.00),o:Onygenales(1.00),f:Arachnomycetaceae(1.00),g:Arachnomyces(1.00),s:Arachnomyces_gracilis(1.00)	+	d:Eukaryota,k:Fungi,p:Ascomycota,c:Eurotiomycetes,o:Onygenales,f:Arachnomycetaceae,g:Arachnomyces,s:Arachnomyces_gracilis
OTU97_17;size=2358	d:Eukaryota(1.00),k:Fungi(1.00),p:Ascomycota(0.75),c:unidentified(1.00),o:unidentified(1.00),f:unidentified(1.00),g:unidentified(1.00),s:Ascomycota_sp(0.75)	+	d:Eukaryota,k:Fungi,p:Ascomycota,c:unidentified,o:unidentified,f:unidentified,g:unidentified,s:Ascomycota_sp
OTU97_16;size=7577	d:Eukaryota(1.00),k:Fungi(1.00),p:Ascomycota(1.00),c:Dothideomycetes(1.00),o:Capnodiales(1.00),f:Cladosporiaceae(1.00),g:unidentified(1.00),s:Cladosporiaceae_sp(1.00)	+	d:Eukaryota,k:Fungi,p:Ascomycota,c:Dothideomycetes,o:Capnodiales,f:Cladosporiaceae,g:unidentified,s:Cladosporiaceae_sp
OTU97_24;size=2130	d:Eukaryota(1.00),k:Fungi(1.00),p:unidentified(1.00),c:unidentified(1.00),o:unidentified(1.00),f:unidentified(1.00),g:unidentified(1.00),s:Fungi_sp(1.00)	+	d:Eukaryota,k:Fungi,p:unidentified,c:unidentified,o:unidentified,f:unidentified,g:unidentified,s:Fungi_sp
OTU97_21;size=4730	d:Eukaryota(1.00),k:Fungi(1.00),p:unidentified(0.35),c:unidentified(0.36),o:unidentified(0.36),f:unidentified(0.36),g:unidentified(0.36),s:Fungi_sp(0.35)	+	d:Eukaryota,k:Fungi
OTU97_26;size=1149	d:Eukaryota(1.00),k:Fungi(1.00),p:Basidiomycota(1.00),c:Agaricomycetes(1.00),o:unidentified(1.00),f:unidentified(1.00),g:unidentified(1.00),s:Agaricomycetes_sp(1.00)	+	d:Eukaryota,k:Fungi,p:Basidiomycota,c:Agaricomycetes,o:unidentified,f:unidentified,g:unidentified,s:Agaricomycetes_sp
OTU97_23;size=1284	d:Eukaryota(1.00),k:Fungi(1.00),p:Ascomycota(1.00),c:unidentified(1.00),o:unidentified(1.00),f:unidentified(1.00),g:unidentified(1.00),s:Ascomycota_sp(1.00)	+	d:Eukaryota,k:Fungi,p:Ascomycota,c:unidentified,o:unidentified,f:unidentified,g:unidentified,s:Ascomycota_sp
OTU97_29;size=1228	d:Eukaryota(1.00),k:Fungi(1.00),p:unidentified(0.18),c:unidentified(0.18),o:unidentified(0.21),f:unidentified(0.46),g:unidentified(0.49),s:Fungi_sp(0.18)	+	d:Eukaryota,k:Fungi
OTU97_27;size=1081	d:Eukaryota(1.00),k:Fungi(1.00),p:Ascomycota(1.00),c:unidentified(1.00),o:unidentified(1.00),f:unidentified(1.00),g:unidentified(1.00),s:Ascomycota_sp(1.00)	+	d:Eukaryota,k:Fungi,p:Ascomycota,c:unidentified,o:unidentified,f:unidentified,g:unidentified,s:Ascomycota_sp
OTU97_25;size=1754	d:Eukaryota(1.00),k:Fungi(1.00),p:Ascomycota(1.00),c:Eurotiomycetes(1.00),o:Eurotiales(1.00),f:Aspergillaceae(1.00),g:Penicillium(1.00),s:Penicillium_citrinum(1.00)	+	d:Eukaryota,k:Fungi,p:Ascomycota,c:Eurotiomycetes,o:Eurotiales,f:Aspergillaceae,g:Penicillium,s:Penicillium_citrinum
OTU97_19;size=2616	d:Eukaryota(1.00),k:Fungi(1.00),p:Ascomycota(1.00),c:Eurotiomycetes(1.00),o:Eurotiales(1.00),f:Trichocomaceae(1.00),g:unidentified(1.00),s:Trichocomaceae_sp(1.00)	+	d:Eukaryota,k:Fungi,p:Ascomycota,c:Eurotiomycetes,o:Eurotiales,f:Trichocomaceae,g:unidentified,s:Trichocomaceae_sp
OTU97_28;size=1052	d:Eukaryota(1.00),k:Fungi(1.00),p:Ascomycota(1.00),c:Dothideomycetes(0.64),o:Pleosporales(0.64),f:unidentified(1.00),g:unidentified(1.00),s:Pleosporales_sp(0.64)	+	d:Eukaryota,k:Fungi,p:Ascomycota,c:Dothideomycetes,o:Pleosporales,f:unidentified,g:unidentified,s:Pleosporales_sp
OTU97_31;size=878	d:Eukaryota(1.00),k:Fungi(1.00),p:Basidiomycota(1.00),c:Agaricomycetes(1.00),o:Agaricales(1.00),f:Marasmiaceae(1.00),g:Marasmius(1.00),s:Marasmius_cladophyllus(1.00)	+	d:Eukaryota,k:Fungi,p:Basidiomycota,c:Agaricomycetes,o:Agaricales,f:Marasmiaceae,g:Marasmius,s:Marasmius_cladophyllus
OTU97_30;size=1067	d:Eukaryota(1.00),k:Fungi(1.00),p:Ascomycota(0.79),c:Sordariomycetes(0.78),o:Hypocreales(0.78),f:unidentified(0.91),g:unidentified(0.91),s:Hypocreales_sp(0.69)	+	d:Eukaryota,k:Fungi,p:Ascomycota,c:Sordariomycetes,o:Hypocreales,f:unidentified,g:unidentified,s:Hypocreales_sp
OTU97_32;size=903	d:Eukaryota(1.00),k:Fungi(1.00),p:unidentified(1.00),c:unidentified(1.00),o:unidentified(1.00),f:unidentified(1.00),g:unidentified(1.00),s:Fungi_sp(1.00)	+	d:Eukaryota,k:Fungi,p:unidentified,c:unidentified,o:unidentified,f:unidentified,g:unidentified,s:Fungi_sp
OTU97_33;size=820	d:Eukaryota(1.00),k:Fungi(1.00),p:unidentified(0.90),c:unidentified(1.00),o:unidentified(1.00),f:unidentified(1.00),g:unidentified(1.00),s:Fungi_sp(0.90)	+	d:Eukaryota,k:Fungi,p:unidentified,c:unidentified,o:unidentified,f:unidentified,g:unidentified,s:Fungi_sp
OTU97_22;size=2211	d:Eukaryota(1.00),k:Fungi(1.00),p:Ascomycota(1.00),c:Eurotiomycetes(1.00),o:Eurotiales(1.00),f:Aspergillaceae(1.00),g:Penicillium(1.00),s:Penicillium_sumatraense(0.92)	+	d:Eukaryota,k:Fungi,p:Ascomycota,c:Eurotiomycetes,o:Eurotiales,f:Aspergillaceae,g:Penicillium,s:Penicillium_sumatraense
OTU97_34;size=1050	d:Eukaryota(1.00),k:Fungi(1.00),p:Ascomycota(1.00),c:unidentified(0.95),o:unidentified(0.95),f:unidentified(0.95),g:unidentified(0.95),s:Ascomycota_sp(0.95)	+	d:Eukaryota,k:Fungi,p:Ascomycota,c:unidentified,o:unidentified,f:unidentified,g:unidentified,s:Ascomycota_sp
OTU97_36;size=1283	d:Eukaryota(1.00),k:Fungi(1.00),p:Ascomycota(1.00),c:Dothideomycetes(0.63),o:Pleosporales(0.63),f:unidentified(0.99),g:unidentified(0.99),s:Pleosporales_sp(0.62)	+	d:Eukaryota,k:Fungi,p:Ascomycota,c:Dothideomycetes,o:Pleosporales,f:unidentified,g:unidentified,s:Pleosporales_sp
OTU97_35;size=730	d:Eukaryota(1.00),k:Fungi(1.00),p:Basidiomycota(0.60),c:Agaricomycetes(0.60),o:Polyporales(0.60),f:Ganodermataceae(0.40),g:Loweporus(0.20),s:Loweporus_sp(0.20)	+	d:Eukaryota,k:Fungi,p:Basidiomycota,c:Agaricomycetes,o:Polyporales
OTU97_37;size=659	d:Eukaryota(1.00),k:Fungi(1.00),p:unidentified(1.00),c:unidentified(1.00),o:unidentified(1.00),f:unidentified(1.00),g:unidentified(1.00),s:Fungi_sp(1.00)	+	d:Eukaryota,k:Fungi,p:unidentified,c:unidentified,o:unidentified,f:unidentified,g:unidentified,s:Fungi_sp
OTU97_43;size=491				
OTU97_40;size=616	d:Eukaryota(1.00),k:Fungi(1.00),p:unidentified(1.00),c:unidentified(1.00),o:unidentified(1.00),f:unidentified(1.00),g:unidentified(1.00),s:Fungi_sp(1.00)	+	d:Eukaryota,k:Fungi,p:unidentified,c:unidentified,o:unidentified,f:unidentified,g:unidentified,s:Fungi_sp
OTU97_42;size=530	d:Eukaryota(1.00),k:Fungi(1.00),p:Ascomycota(0.99),c:unidentified(0.95),o:unidentified(0.95),f:unidentified(1.00),g:unidentified(1.00),s:Ascomycota_sp(0.94)	+	d:Eukaryota,k:Fungi,p:Ascomycota,c:unidentified,o:unidentified,f:unidentified,g:unidentified,s:Ascomycota_sp
OTU97_39;size=642	d:Eukaryota(1.00),k:Fungi(1.00),p:unidentified(0.90),c:unidentified(0.90),o:unidentified(0.90),f:unidentified(0.90),g:unidentified(0.90),s:Fungi_sp(0.90)	+	d:Eukaryota,k:Fungi,p:unidentified,c:unidentified,o:unidentified,f:unidentified,g:unidentified,s:Fungi_sp
OTU97_46;size=478	d:Eukaryota(1.00),k:Fungi(1.00),p:Basidiomycota(1.00),c:unidentified(1.00),o:unidentified(1.00),f:unidentified(1.00),g:unidentified(1.00),s:Basidiomycota_sp(1.00)	+	d:Eukaryota,k:Fungi,p:Basidiomycota,c:unidentified,o:unidentified,f:unidentified,g:unidentified,s:Basidiomycota_sp
OTU97_44;size=580	d:Eukaryota(1.00),k:Fungi(1.00),p:Basidiomycota(1.00),c:Agaricomycetes(1.00),o:Boletales(1.00),f:Suillaceae(1.00),g:Suillus(0.69),s:Suillus_pungens(0.69)	+	d:Eukaryota,k:Fungi,p:Basidiomycota,c:Agaricomycetes,o:Boletales,f:Suillaceae,g:Suillus,s:Suillus_pungens
OTU97_47;size=423	d:Eukaryota(1.00),k:Fungi(1.00),p:unidentified(1.00),c:unidentified(1.00),o:unidentified(1.00),f:unidentified(1.00),g:unidentified(1.00),s:Fungi_sp(1.00)	+	d:Eukaryota,k:Fungi,p:unidentified,c:unidentified,o:unidentified,f:unidentified,g:unidentified,s:Fungi_sp
OTU97_41;size=1112	d:Eukaryota(1.00),k:Fungi(1.00),p:Ascomycota(1.00),c:Eurotiomycetes(1.00),o:Eurotiales(1.00),f:Aspergillaceae(1.00),g:unidentified(0.45),s:Aspergillaceae_sp(0.45)	+	d:Eukaryota,k:Fungi,p:Ascomycota,c:Eurotiomycetes,o:Eurotiales,f:Aspergillaceae
OTU97_38;size=1430	d:Eukaryota(1.00),k:Fungi(1.00),p:unidentified(0.27),c:unidentified(0.27),o:unidentified(0.27),f:unidentified(0.27),g:unidentified(0.75),s:Fungi_sp(0.27)	+	d:Eukaryota,k:Fungi,g:unidentified
OTU97_48;size=409	d:Eukaryota(1.00),k:Fungi(1.00),p:unidentified(1.00),c:unidentified(1.00),o:unidentified(1.00),f:unidentified(1.00),g:unidentified(1.00),s:Fungi_sp(1.00)	+	d:Eukaryota,k:Fungi,p:unidentified,c:unidentified,o:unidentified,f:unidentified,g:unidentified,s:Fungi_sp
OTU97_49;size=350	d:Eukaryota(1.00),k:Fungi(1.00),p:Ascomycota(0.25),c:Sordariomycetes(0.22),o:Sordariales(0.22),f:Chaetomiaceae(0.22),g:Zopfiella(0.21),s:Zopfiella_longicaudata(0.15)	+	d:Eukaryota,k:Fungi
OTU97_50;size=535	d:Eukaryota(1.00),k:Fungi(1.00),p:Glomeromycota(0.84),c:unidentified(1.00),o:unidentified(1.00),f:unidentified(1.00),g:unidentified(1.00),s:Glomeromycotina(0.84)	+	d:Eukaryota,k:Fungi,p:Glomeromycota,c:unidentified,o:unidentified,f:unidentified,g:unidentified,s:Glomeromycotina
OTU97_54;size=894	d:Eukaryota(1.00),k:Fungi(1.00),p:Basidiomycota(1.00),c:Agaricomycetes(1.00),o:Boletales(1.00),f:Suillaceae(1.00),g:unidentified(1.00),s:Suillaceae_sp(1.00)	+	d:Eukaryota,k:Fungi,p:Basidiomycota,c:Agaricomycetes,o:Boletales,f:Suillaceae,g:unidentified,s:Suillaceae_sp
OTU97_45;size=456	d:Eukaryota(1.00),k:Fungi(1.00),p:Ascomycota(0.74),c:unidentified(0.39),o:unidentified(0.39),f:unidentified(0.39),g:unidentified(1.00),s:Ascomycota_sp(0.13)	+	d:Eukaryota,k:Fungi,p:Ascomycota,g:unidentified
OTU97_51;size=676	d:Eukaryota(1.00),k:Fungi(1.00),p:unidentified(0.97),c:unidentified(0.97),o:unidentified(0.97),f:unidentified(0.97),g:unidentified(0.97),s:Fungi_sp(0.97)	+	d:Eukaryota,k:Fungi,p:unidentified,c:unidentified,o:unidentified,f:unidentified,g:unidentified,s:Fungi_sp
OTU97_57;size=560	d:Eukaryota(1.00),k:Fungi(1.00),p:Ascomycota(1.00),c:unidentified(1.00),o:unidentified(1.00),f:unidentified(1.00),g:unidentified(1.00),s:Ascomycota_sp(1.00)	+	d:Eukaryota,k:Fungi,p:Ascomycota,c:unidentified,o:unidentified,f:unidentified,g:unidentified,s:Ascomycota_sp
OTU97_55;size=364	d:Eukaryota(1.00),k:Fungi(1.00),p:Ascomycota(1.00),c:Eurotiomycetes(1.00),o:Eurotiales(1.00),f:Aspergillaceae(1.00),g:Aspergillus(1.00),s:Aspergillus_nidulans(1.00)	+	d:Eukaryota,k:Fungi,p:Ascomycota,c:Eurotiomycetes,o:Eurotiales,f:Aspergillaceae,g:Aspergillus,s:Aspergillus_nidulans
OTU97_58;size=273	d:Eukaryota(1.00),k:Fungi(1.00),p:Ascomycota(0.84),c:Sordariomycetes(0.78),o:Xylariales(0.78),f:Sporocadaceae(0.78),g:unidentified(1.00),s:Sporocadaceae_sp(0.78)	+	d:Eukaryota,k:Fungi,p:Ascomycota,c:Sordariomycetes,o:Xylariales,f:Sporocadaceae,g:unidentified,s:Sporocadaceae_sp
OTU97_56;size=279	d:Eukaryota(1.00),k:Fungi(1.00),p:Ascomycota(1.00),c:unidentified(1.00),o:unidentified(1.00),f:unidentified(1.00),g:unidentified(1.00),s:Ascomycota_sp(1.00)	+	d:Eukaryota,k:Fungi,p:Ascomycota,c:unidentified,o:unidentified,f:unidentified,g:unidentified,s:Ascomycota_sp
OTU97_52;size=333	d:Eukaryota(1.00),k:Fungi(1.00),p:unidentified(0.94),c:unidentified(1.00),o:unidentified(1.00),f:unidentified(1.00),g:unidentified(1.00),s:Fungi_sp(0.94)	+	d:Eukaryota,k:Fungi,p:unidentified,c:unidentified,o:unidentified,f:unidentified,g:unidentified,s:Fungi_sp
OTU97_53;size=292	d:Eukaryota(1.00),k:Fungi(1.00),p:Ascomycota(0.49),c:Sordariomycetes(0.49),o:Hypocreales(0.49),f:Hypocreaceae(0.49),g:Trichoderma(0.49),s:Trichoderma_aggressivum(0.46)	+	d:Eukaryota,k:Fungi
OTU97_60;size=475	d:Eukaryota(1.00),k:Fungi(1.00),p:Ascomycota(1.00),c:Eurotiomycetes(1.00),o:Eurotiales(1.00),f:Aspergillaceae(1.00),g:Aspergillus(1.00),s:Aspergillus_sp(1.00)	+	d:Eukaryota,k:Fungi,p:Ascomycota,c:Eurotiomycetes,o:Eurotiales,f:Aspergillaceae,g:Aspergillus,s:Aspergillus_sp
OTU97_63;size=220	d:Eukaryota(1.00),k:Fungi(1.00),p:Ascomycota(0.69),c:Eurotiomycetes(0.69),o:Chaetothyriales(0.69),f:Cyphellophoraceae(0.36),g:Cyphellophora(0.36),s:Cyphellophora_olivacea(0.34)	+	d:Eukaryota,k:Fungi,p:Ascomycota,c:Eurotiomycetes,o:Chaetothyriales
OTU97_59;size=263	d:Eukaryota(1.00),k:Fungi(1.00),p:Ascomycota(1.00),c:unidentified(1.00),o:unidentified(1.00),f:unidentified(1.00),g:unidentified(1.00),s:Ascomycota_sp(1.00)	+	d:Eukaryota,k:Fungi,p:Ascomycota,c:unidentified,o:unidentified,f:unidentified,g:unidentified,s:Ascomycota_sp
OTU97_61;size=228	d:Eukaryota(1.00),k:Fungi(1.00),p:unidentified(0.66),c:unidentified(0.70),o:unidentified(0.70),f:unidentified(0.78),g:unidentified(0.82),s:Fungi_sp(0.66)	+	d:Eukaryota,k:Fungi,p:unidentified,c:unidentified,o:unidentified,f:unidentified,g:unidentified,s:Fungi_sp
OTU97_62;size=343	d:Eukaryota(1.00),k:Fungi(1.00),p:Ascomycota(0.35),c:Sordariomycetes(0.35),o:Glomerellales(0.35),f:Plectosphaerellaceae(0.35),g:Plectosphaerella(0.35),s:Plectosphaerella_sp(0.35)	+	d:Eukaryota,k:Fungi
OTU97_65;size=305	d:Eukaryota(1.00),k:Fungi(1.00),p:Ascomycota(0.99),c:Sordariomycetes(0.99),o:Hypocreales(0.99),f:Clavicipitaceae(0.99),g:Pochonia(0.54),s:Pochonia_sp(0.54)	+	d:Eukaryota,k:Fungi,p:Ascomycota,c:Sordariomycetes,o:Hypocreales,f:Clavicipitaceae,g:Pochonia,s:Pochonia_sp
OTU97_64;size=203	d:Eukaryota(1.00),k:Fungi(1.00),p:unidentified(0.82),c:unidentified(0.82),o:unidentified(0.82),f:unidentified(0.82),g:unidentified(0.82),s:Fungi_sp(0.82)	+	d:Eukaryota,k:Fungi,p:unidentified,c:unidentified,o:unidentified,f:unidentified,g:unidentified,s:Fungi_sp
OTU97_67;size=291	d:Eukaryota(1.00),k:Fungi(1.00),p:unidentified(0.16),c:unidentified(0.16),o:unidentified(0.16),f:unidentified(0.16),g:unidentified(0.16),s:Fungi_sp(0.16)	+	d:Eukaryota,k:Fungi
OTU97_68;size=170	d:Eukaryota(1.00),k:Fungi(1.00),p:unidentified(1.00),c:unidentified(1.00),o:unidentified(1.00),f:unidentified(1.00),g:unidentified(1.00),s:Fungi_sp(1.00)	+	d:Eukaryota,k:Fungi,p:unidentified,c:unidentified,o:unidentified,f:unidentified,g:unidentified,s:Fungi_sp
OTU97_69;size=152	d:Eukaryota(1.00),k:Fungi(1.00),p:Ascomycota(0.80),c:Sordariomycetes(0.80),o:Hypocreales(0.80),f:Hypocreales_fam_Incertae_sedis(0.80),g:Acremonium(0.80),s:Acremonium_furcatum(0.80)	+	d:Eukaryota,k:Fungi,p:Ascomycota,c:Sordariomycetes,o:Hypocreales,f:Hypocreales_fam_Incertae_sedis,g:Acremonium,s:Acremonium_furcatum
OTU97_70;size=151	d:Eukaryota(1.00),k:Fungi(1.00),p:Ascomycota(0.36),c:Eurotiomycetes(0.36),o:Eurotiales(0.36),f:Trichocomaceae(0.35),g:Talaromyces(0.34),s:Talaromyces_sp(0.34)	+	d:Eukaryota,k:Fungi
OTU97_66;size=320	d:Eukaryota(1.00),k:Fungi(1.00),p:Basidiomycota(0.97),c:Agaricomycetes(0.97),o:Agaricales(0.97),f:Lycoperdaceae(0.97),g:unidentified(0.98),s:Lycoperdaceae_sp(0.97)	+	d:Eukaryota,k:Fungi,p:Basidiomycota,c:Agaricomycetes,o:Agaricales,f:Lycoperdaceae,g:unidentified,s:Lycoperdaceae_sp
OTU97_71;size=153	d:Eukaryota(1.00),k:Fungi(1.00),p:unidentified(1.00),c:unidentified(1.00),o:unidentified(1.00),f:unidentified(1.00),g:unidentified(1.00),s:Fungi_sp(1.00)	+	d:Eukaryota,k:Fungi,p:unidentified,c:unidentified,o:unidentified,f:unidentified,g:unidentified,s:Fungi_sp
OTU97_74;size=120	d:Eukaryota(1.00),k:Fungi(1.00),p:unidentified(1.00),c:unidentified(1.00),o:unidentified(1.00),f:unidentified(1.00),g:unidentified(1.00),s:Fungi_sp(1.00)	+	d:Eukaryota,k:Fungi,p:unidentified,c:unidentified,o:unidentified,f:unidentified,g:unidentified,s:Fungi_sp
OTU97_73;size=139	d:Eukaryota(1.00),k:Fungi(1.00),p:Ascomycota(1.00),c:unidentified(0.80),o:unidentified(0.80),f:unidentified(0.80),g:unidentified(0.80),s:Ascomycota_sp(0.80)	+	d:Eukaryota,k:Fungi,p:Ascomycota,c:unidentified,o:unidentified,f:unidentified,g:unidentified,s:Ascomycota_sp
OTU97_76;size=116	d:Eukaryota(1.00),k:Fungi(1.00),p:Ascomycota(1.00),c:unidentified(1.00),o:unidentified(1.00),f:unidentified(1.00),g:unidentified(1.00),s:Ascomycota_sp(1.00)	+	d:Eukaryota,k:Fungi,p:Ascomycota,c:unidentified,o:unidentified,f:unidentified,g:unidentified,s:Ascomycota_sp
OTU97_77;size=111	d:Eukaryota(1.00),k:Fungi(1.00),p:unidentified(0.92),c:unidentified(1.00),o:unidentified(1.00),f:unidentified(1.00),g:unidentified(1.00),s:Fungi_sp(0.92)	+	d:Eukaryota,k:Fungi,p:unidentified,c:unidentified,o:unidentified,f:unidentified,g:unidentified,s:Fungi_sp
OTU97_75;size=116	d:Eukaryota(1.00),k:Fungi(1.00),p:Basidiomycota(1.00),c:Agaricomycetes(1.00),o:Polyporales(1.00),f:Fomitopsidaceae(1.00),g:Fomitopsis(1.00),s:Fomitopsis_sp(1.00)	+	d:Eukaryota,k:Fungi,p:Basidiomycota,c:Agaricomycetes,o:Polyporales,f:Fomitopsidaceae,g:Fomitopsis,s:Fomitopsis_sp
OTU97_72;size=144	d:Eukaryota(1.00),k:Fungi(1.00),p:unidentified(1.00),c:unidentified(1.00),o:unidentified(1.00),f:unidentified(1.00),g:unidentified(1.00),s:Fungi_sp(1.00)	+	d:Eukaryota,k:Fungi,p:unidentified,c:unidentified,o:unidentified,f:unidentified,g:unidentified,s:Fungi_sp
OTU97_78;size=165	d:Eukaryota(1.00),k:Fungi(1.00),p:Ascomycota(1.00),c:Eurotiomycetes(0.85),o:Eurotiales(0.85),f:Aspergillaceae(0.85),g:Aspergillus(0.85),s:Aspergillus_sp(0.84)	+	d:Eukaryota,k:Fungi,p:Ascomycota,c:Eurotiomycetes,o:Eurotiales,f:Aspergillaceae,g:Aspergillus,s:Aspergillus_sp
OTU97_81;size=100	d:Eukaryota(1.00),k:Fungi(1.00),p:Ascomycota(1.00),c:Dothideomycetes(1.00),o:Botryosphaeriales(0.47),f:Botryosphaeriaceae(0.47),g:Microdiplodia(0.47),s:Microdiplodia_sp(0.47)	+	d:Eukaryota,k:Fungi,p:Ascomycota,c:Dothideomycetes
OTU97_79;size=196	d:Eukaryota(1.00),k:Fungi(1.00),p:Ascomycota(1.00),c:unidentified(1.00),o:unidentified(1.00),f:unidentified(1.00),g:unidentified(1.00),s:Ascomycota_sp(1.00)	+	d:Eukaryota,k:Fungi,p:Ascomycota,c:unidentified,o:unidentified,f:unidentified,g:unidentified,s:Ascomycota_sp
OTU97_84;size=93	d:Eukaryota(1.00),k:Fungi(1.00),p:unidentified(1.00),c:unidentified(1.00),o:unidentified(1.00),f:unidentified(1.00),g:unidentified(1.00),s:Fungi_sp(1.00)	+	d:Eukaryota,k:Fungi,p:unidentified,c:unidentified,o:unidentified,f:unidentified,g:unidentified,s:Fungi_sp
OTU97_80;size=111	d:Eukaryota(1.00),k:Fungi(1.00),p:Basidiomycota(0.95),c:unidentified(1.00),o:unidentified(1.00),f:unidentified(1.00),g:unidentified(1.00),s:Basidiomycota_sp(0.95)	+	d:Eukaryota,k:Fungi,p:Basidiomycota,c:unidentified,o:unidentified,f:unidentified,g:unidentified,s:Basidiomycota_sp
OTU97_82;size=99	d:Eukaryota(1.00),k:Fungi(1.00),p:Ascomycota(0.99),c:unidentified(0.98),o:unidentified(0.98),f:unidentified(0.98),g:unidentified(0.98),s:Ascomycota_sp(0.97)	+	d:Eukaryota,k:Fungi,p:Ascomycota,c:unidentified,o:unidentified,f:unidentified,g:unidentified,s:Ascomycota_sp
OTU97_86;size=88	d:Eukaryota(1.00),k:Fungi(1.00),p:Basidiomycota(1.00),c:Tremellomycetes(1.00),o:Tremellales(1.00),f:Tremellaceae(1.00),g:Cryptococcus(1.00),s:Cryptococcus_laurentii(1.00)	+	d:Eukaryota,k:Fungi,p:Basidiomycota,c:Tremellomycetes,o:Tremellales,f:Tremellaceae,g:Cryptococcus,s:Cryptococcus_laurentii
OTU97_85;size=90	d:Eukaryota(1.00),k:Fungi(1.00),p:Basidiomycota(1.00),c:Microbotryomycetes(1.00),o:Sporidiobolales(1.00),f:Sporidiobolaceae(1.00),g:Rhodotorula(1.00),s:Rhodotorula_sp(1.00)	+	d:Eukaryota,k:Fungi,p:Basidiomycota,c:Microbotryomycetes,o:Sporidiobolales,f:Sporidiobolaceae,g:Rhodotorula,s:Rhodotorula_sp
OTU97_88;size=157	d:Eukaryota(1.00),k:Fungi(1.00),p:unidentified(0.99),c:unidentified(0.99),o:unidentified(0.99),f:unidentified(0.99),g:unidentified(0.99),s:Fungi_sp(0.99)	+	d:Eukaryota,k:Fungi,p:unidentified,c:unidentified,o:unidentified,f:unidentified,g:unidentified,s:Fungi_sp
OTU97_90;size=79				
OTU97_83;size=94	d:Eukaryota(1.00),k:Fungi(1.00),p:unidentified(1.00),c:unidentified(1.00),o:unidentified(1.00),f:unidentified(1.00),g:unidentified(1.00),s:Fungi_sp(1.00)	+	d:Eukaryota,k:Fungi,p:unidentified,c:unidentified,o:unidentified,f:unidentified,g:unidentified,s:Fungi_sp
OTU97_87;size=83	d:Eukaryota(1.00),k:Fungi(1.00),p:unidentified(0.95),c:unidentified(0.95),o:unidentified(0.95),f:unidentified(0.95),g:unidentified(0.95),s:Fungi_sp(0.95)	+	d:Eukaryota,k:Fungi,p:unidentified,c:unidentified,o:unidentified,f:unidentified,g:unidentified,s:Fungi_sp
OTU97_96;size=71	d:Eukaryota(1.00),k:Fungi(1.00),p:Basidiomycota(0.48),c:unidentified(1.00),o:unidentified(1.00),f:unidentified(1.00),g:unidentified(1.00),s:Basidiomycota_sp(0.48)	+	d:Eukaryota,k:Fungi,c:unidentified,o:unidentified,f:unidentified,g:unidentified
OTU97_89;size=79	d:Eukaryota(1.00),k:Fungi(1.00),p:Ascomycota(1.00),c:Eurotiomycetes(1.00),o:Eurotiales(1.00),f:Aspergillaceae(1.00),g:Aspergillus(1.00),s:Aspergillus_chevalieri(1.00)	+	d:Eukaryota,k:Fungi,p:Ascomycota,c:Eurotiomycetes,o:Eurotiales,f:Aspergillaceae,g:Aspergillus,s:Aspergillus_chevalieri
OTU97_92;size=112				
OTU97_91;size=78	d:Eukaryota(1.00),k:Fungi(1.00),p:Ascomycota(0.92),c:Sordariomycetes(0.79),o:Microascales(0.79),f:Microascaceae(0.79),g:Pseudallescheria(0.79),s:Pseudallescheria_sp(0.79)	+	d:Eukaryota,k:Fungi,p:Ascomycota,c:Sordariomycetes,o:Microascales,f:Microascaceae,g:Pseudallescheria,s:Pseudallescheria_sp
OTU97_95;size=72				
OTU97_97;size=67	d:Eukaryota(1.00),k:Fungi(1.00),p:Ascomycota(1.00),c:Eurotiomycetes(1.00),o:Eurotiales(1.00),f:Trichocomaceae(1.00),g:Talaromyces(1.00),s:Talaromyces_minioluteus(0.97)	+	d:Eukaryota,k:Fungi,p:Ascomycota,c:Eurotiomycetes,o:Eurotiales,f:Trichocomaceae,g:Talaromyces,s:Talaromyces_minioluteus
OTU97_94;size=87	d:Eukaryota(1.00),k:Fungi(1.00),p:unidentified(1.00),c:unidentified(1.00),o:unidentified(1.00),f:unidentified(1.00),g:unidentified(1.00),s:Fungi_sp(1.00)	+	d:Eukaryota,k:Fungi,p:unidentified,c:unidentified,o:unidentified,f:unidentified,g:unidentified,s:Fungi_sp
OTU97_93;size=119	d:Eukaryota(1.00),k:Fungi(1.00),p:Basidiomycota(1.00),c:Agaricomycetes(1.00),o:Agaricales(1.00),f:Pluteaceae(1.00),g:Pluteus(1.00),s:Pluteus_longistriatus(1.00)	+	d:Eukaryota,k:Fungi,p:Basidiomycota,c:Agaricomycetes,o:Agaricales,f:Pluteaceae,g:Pluteus,s:Pluteus_longistriatus
OTU97_103;size=63	d:Eukaryota(1.00),k:Fungi(1.00),p:Ascomycota(1.00),c:unidentified(1.00),o:unidentified(1.00),f:unidentified(1.00),g:unidentified(1.00),s:Ascomycota_sp(1.00)	+	d:Eukaryota,k:Fungi,p:Ascomycota,c:unidentified,o:unidentified,f:unidentified,g:unidentified,s:Ascomycota_sp
OTU97_102;size=64	d:Eukaryota(1.00),k:Fungi(1.00),p:Basidiomycota(1.00),c:unidentified(1.00),o:unidentified(1.00),f:unidentified(1.00),g:unidentified(1.00),s:Basidiomycota_sp(1.00)	+	d:Eukaryota,k:Fungi,p:Basidiomycota,c:unidentified,o:unidentified,f:unidentified,g:unidentified,s:Basidiomycota_sp
OTU97_101;size=65	d:Eukaryota(1.00),k:Fungi(1.00),p:Ascomycota(1.00),c:Eurotiomycetes(1.00),o:Eurotiales(1.00),f:Aspergillaceae(1.00),g:Aspergillus(0.19),s:Aspergillus_ustus(0.19)	+	d:Eukaryota,k:Fungi,p:Ascomycota,c:Eurotiomycetes,o:Eurotiales,f:Aspergillaceae
OTU97_100;size=65	d:Eukaryota(1.00),k:Fungi(1.00),p:Ascomycota(0.95),c:Sordariomycetes(0.95),o:Hypocreales(0.95),f:Stachybotryaceae(0.92),g:Paramyrothecium(0.92),s:Paramyrothecium_roridum(0.92)	+	d:Eukaryota,k:Fungi,p:Ascomycota,c:Sordariomycetes,o:Hypocreales,f:Stachybotryaceae,g:Paramyrothecium,s:Paramyrothecium_roridum
OTU97_99;size=107	d:Eukaryota(1.00),k:Fungi(1.00),p:Ascomycota(0.94),c:Sordariomycetes(0.94),o:Hypocreales(0.94),f:Hypocreaceae(0.94),g:Trichoderma(0.94),s:Trichoderma_lixii(0.51)	+	d:Eukaryota,k:Fungi,p:Ascomycota,c:Sordariomycetes,o:Hypocreales,f:Hypocreaceae,g:Trichoderma,s:Trichoderma_lixii
OTU97_98;size=99	d:Eukaryota(1.00),k:Fungi(1.00),p:Ascomycota(1.00),c:unidentified(1.00),o:unidentified(1.00),f:unidentified(1.00),g:unidentified(1.00),s:Ascomycota_sp(1.00)	+	d:Eukaryota,k:Fungi,p:Ascomycota,c:unidentified,o:unidentified,f:unidentified,g:unidentified,s:Ascomycota_sp
OTU97_104;size=61	d:Eukaryota(1.00),k:Fungi(1.00),p:Ascomycota(0.90),c:Eurotiomycetes(0.90),o:Eurotiales(0.90),f:Aspergillaceae(0.84),g:unidentified(0.94),s:Aspergillaceae_sp(0.84)	+	d:Eukaryota,k:Fungi,p:Ascomycota,c:Eurotiomycetes,o:Eurotiales,f:Aspergillaceae,g:unidentified,s:Aspergillaceae_sp
OTU97_105;size=131	d:Eukaryota(1.00),k:Fungi(1.00),p:Ascomycota(1.00),c:unidentified(0.96),o:unidentified(0.96),f:unidentified(1.00),g:unidentified(1.00),s:Ascomycota_sp(0.96)	+	d:Eukaryota,k:Fungi,p:Ascomycota,c:unidentified,o:unidentified,f:unidentified,g:unidentified,s:Ascomycota_sp
OTU97_108;size=51	d:Eukaryota(1.00),k:Fungi(1.00),p:Ascomycota(1.00),c:Leotiomycetes(1.00),o:unidentified(1.00),f:unidentified(1.00),g:unidentified(1.00),s:Leotiomycetes_sp(1.00)	+	d:Eukaryota,k:Fungi,p:Ascomycota,c:Leotiomycetes,o:unidentified,f:unidentified,g:unidentified,s:Leotiomycetes_sp
OTU97_109;size=51				
OTU97_111;size=50	d:Eukaryota(1.00),k:Fungi(1.00),p:Ascomycota(1.00),c:Sordariomycetes(1.00),o:Hypocreales(1.00),f:Cordycipitaceae(1.00),g:Beauveria(1.00),s:Beauveria_sp(1.00)	+	d:Eukaryota,k:Fungi,p:Ascomycota,c:Sordariomycetes,o:Hypocreales,f:Cordycipitaceae,g:Beauveria,s:Beauveria_sp
OTU97_110;size=98	d:Eukaryota(1.00),k:Fungi(1.00),p:Ascomycota(1.00),c:Leotiomycetes(1.00),o:unidentified(0.99),f:unidentified(1.00),g:unidentified(1.00),s:Leotiomycetes_sp(0.99)	+	d:Eukaryota,k:Fungi,p:Ascomycota,c:Leotiomycetes,o:unidentified,f:unidentified,g:unidentified,s:Leotiomycetes_sp
OTU97_115;size=46				
OTU97_112;size=64	d:Eukaryota(1.00),k:Fungi(1.00),p:unidentified(0.80),c:unidentified(0.80),o:unidentified(0.80),f:unidentified(0.80),g:unidentified(0.80),s:Fungi_sp(0.80)	+	d:Eukaryota,k:Fungi,p:unidentified,c:unidentified,o:unidentified,f:unidentified,g:unidentified,s:Fungi_sp
OTU97_106;size=69	d:Eukaryota(1.00),k:Fungi(1.00),p:Ascomycota(1.00),c:Sordariomycetes(1.00),o:Hypocreales(1.00),f:Nectriaceae(1.00),g:unidentified(1.00),s:Nectriaceae_sp(1.00)	+	d:Eukaryota,k:Fungi,p:Ascomycota,c:Sordariomycetes,o:Hypocreales,f:Nectriaceae,g:unidentified,s:Nectriaceae_sp
OTU97_114;size=49	d:Eukaryota(1.00),k:Fungi(1.00),p:unidentified(1.00),c:unidentified(1.00),o:unidentified(1.00),f:unidentified(1.00),g:unidentified(1.00),s:Fungi_sp(1.00)	+	d:Eukaryota,k:Fungi,p:unidentified,c:unidentified,o:unidentified,f:unidentified,g:unidentified,s:Fungi_sp
OTU97_107;size=51	d:Eukaryota(1.00),k:Fungi(1.00),p:Ascomycota(0.22),c:unidentified(1.00),o:unidentified(1.00),f:unidentified(1.00),g:unidentified(1.00),s:Ascomycota_sp(0.22)	+	d:Eukaryota,k:Fungi,c:unidentified,o:unidentified,f:unidentified,g:unidentified
OTU97_117;size=44	d:Eukaryota(1.00),k:Fungi(1.00),p:Ascomycota(1.00),c:Dothideomycetes(0.98),o:Pleosporales(0.98),f:unidentified(0.68),g:unidentified(0.89),s:Pleosporales_sp(0.68)	+	d:Eukaryota,k:Fungi,p:Ascomycota,c:Dothideomycetes,o:Pleosporales,f:unidentified,g:unidentified,s:Pleosporales_sp
OTU97_120;size=53	d:Eukaryota(1.00),k:Fungi(1.00),p:Ascomycota(0.98),c:Dothideomycetes(0.96),o:Dothideomycetes_ord_Incertae_sedis(0.96),f:Eremomycetaceae(0.96),g:unidentified(0.98),s:Eremomycetaceae_sp(0.96)	+	d:Eukaryota,k:Fungi,p:Ascomycota,c:Dothideomycetes,o:Dothideomycetes_ord_Incertae_sedis,f:Eremomycetaceae,g:unidentified,s:Eremomycetaceae_sp
OTU97_118;size=51	d:Eukaryota(1.00),k:Fungi(1.00),p:Ascomycota(0.55),c:Sordariomycetes(0.53),o:Sordariales(0.52),f:Lasiosphaeriaceae(0.45),g:Podospora(0.35),s:Podospora_pyriformis(0.35)	+	d:Eukaryota,k:Fungi,p:Ascomycota,c:Sordariomycetes,o:Sordariales
OTU97_119;size=42				
OTU97_121;size=40	d:Eukaryota(1.00),k:Fungi(1.00),p:Ascomycota(1.00),c:unidentified(1.00),o:unidentified(1.00),f:unidentified(1.00),g:unidentified(1.00),s:Ascomycota_sp(1.00)	+	d:Eukaryota,k:Fungi,p:Ascomycota,c:unidentified,o:unidentified,f:unidentified,g:unidentified,s:Ascomycota_sp
OTU97_122;size=40	d:Eukaryota(1.00),k:Fungi(1.00),p:Ascomycota(1.00),c:Saccharomycetes(1.00),o:Saccharomycetales(1.00),f:Saccharomycetaceae(1.00),g:Kazachstania(1.00),s:Kazachstania_jiainica(0.63)	+	d:Eukaryota,k:Fungi,p:Ascomycota,c:Saccharomycetes,o:Saccharomycetales,f:Saccharomycetaceae,g:Kazachstania,s:Kazachstania_jiainica
OTU97_116;size=48	d:Eukaryota(1.00),k:Fungi(1.00),p:unidentified(0.58),c:unidentified(0.60),o:unidentified(0.60),f:unidentified(0.60),g:unidentified(0.99),s:Fungi_sp(0.58)	+	d:Eukaryota,k:Fungi,p:unidentified,c:unidentified,o:unidentified,f:unidentified,g:unidentified,s:Fungi_sp
OTU97_127;size=36	d:Eukaryota(1.00),k:Fungi(1.00),p:Ascomycota(1.00),c:Lecanoromycetes(0.70),o:unidentified(0.70),f:unidentified(0.70),g:unidentified(0.70),s:Lecanoromycetes_sp(0.70)	+	d:Eukaryota,k:Fungi,p:Ascomycota,c:Lecanoromycetes,o:unidentified,f:unidentified,g:unidentified,s:Lecanoromycetes_sp
OTU97_126;size=42	d:Eukaryota(1.00),k:Fungi(1.00),p:Basidiomycota(0.47),c:Agaricomycetes(0.47),o:Polyporales(0.47),f:unidentified(0.93),g:unidentified(0.93),s:Polyporales_sp(0.40)	+	d:Eukaryota,k:Fungi,f:unidentified,g:unidentified
OTU97_113;size=47	d:Eukaryota(1.00),k:Fungi(1.00),p:Ascomycota(1.00),c:Eurotiomycetes(1.00),o:Eurotiales(1.00),f:Aspergillaceae(1.00),g:unidentified(1.00),s:Aspergillaceae_sp(1.00)	+	d:Eukaryota,k:Fungi,p:Ascomycota,c:Eurotiomycetes,o:Eurotiales,f:Aspergillaceae,g:unidentified,s:Aspergillaceae_sp
OTU97_123;size=51	d:Eukaryota(1.00),k:Fungi(1.00),p:Ascomycota(1.00),c:Sordariomycetes(0.37),o:Hypocreales(0.37),f:Nectriaceae(0.37),g:Fusarium(0.37),s:Fusarium_sp(0.37)	+	d:Eukaryota,k:Fungi,p:Ascomycota
OTU97_128;size=36				
OTU97_131;size=32				
OTU97_125;size=37	d:Eukaryota(1.00),k:Fungi(1.00),p:Ascomycota(0.97),c:Sordariomycetes(0.80),o:Sordariales(0.80),f:Chaetomiaceae(0.80),g:Corynascus(0.80),s:Corynascus_sp(0.80)	+	d:Eukaryota,k:Fungi,p:Ascomycota,c:Sordariomycetes,o:Sordariales,f:Chaetomiaceae,g:Corynascus,s:Corynascus_sp
OTU97_124;size=37	d:Eukaryota(1.00),k:Fungi(1.00),p:unidentified(0.94),c:unidentified(0.94),o:unidentified(0.94),f:unidentified(1.00),g:unidentified(1.00),s:Fungi_sp(0.94)	+	d:Eukaryota,k:Fungi,p:unidentified,c:unidentified,o:unidentified,f:unidentified,g:unidentified,s:Fungi_sp
OTU97_132;size=31	d:Eukaryota(1.00),k:Fungi(1.00),p:Basidiomycota(0.36),c:Microbotryomycetes(0.36),o:Sporidiobolales(0.36),f:Sporidiobolaceae(0.36),g:Rhodosporidiobolus(0.36),s:Rhodosporidiobolus_fluvialis(0.36)	+	d:Eukaryota,k:Fungi
OTU97_129;size=35	d:Eukaryota(1.00),k:Fungi(1.00),p:Ascomycota(1.00),c:Eurotiomycetes(0.98),o:Eurotiales(0.98),f:Trichocomaceae(0.95),g:Talaromyces(0.95),s:Talaromyces_purpureogenus(0.76)	+	d:Eukaryota,k:Fungi,p:Ascomycota,c:Eurotiomycetes,o:Eurotiales,f:Trichocomaceae,g:Talaromyces,s:Talaromyces_purpureogenus
OTU97_130;size=33	d:Eukaryota(1.00),k:Fungi(1.00),p:Ascomycota(0.95),c:Sordariomycetes(0.82),o:Hypocreales(0.82),f:Hypocreaceae(0.82),g:Trichoderma(0.55),s:Trichoderma_brevicompactum(0.55)	+	d:Eukaryota,k:Fungi,p:Ascomycota,c:Sordariomycetes,o:Hypocreales,f:Hypocreaceae,g:Trichoderma,s:Trichoderma_brevicompactum
OTU97_136;size=30	d:Eukaryota(1.00),k:Fungi(1.00),p:unidentified(1.00),c:unidentified(1.00),o:unidentified(1.00),f:unidentified(1.00),g:unidentified(1.00),s:Fungi_sp(1.00)	+	d:Eukaryota,k:Fungi,p:unidentified,c:unidentified,o:unidentified,f:unidentified,g:unidentified,s:Fungi_sp
OTU97_135;size=30	d:Eukaryota(1.00),k:Fungi(1.00),p:Ascomycota(1.00),c:Sordariomycetes(0.97),o:Hypocreales(0.97),f:Hypocreales_fam_Incertae_sedis(0.97),g:Acremonium(0.97),s:Acremonium_masseei(0.97)	+	d:Eukaryota,k:Fungi,p:Ascomycota,c:Sordariomycetes,o:Hypocreales,f:Hypocreales_fam_Incertae_sedis,g:Acremonium,s:Acremonium_masseei
OTU97_134;size=31	d:Eukaryota(1.00),k:Fungi(1.00),p:unidentified(0.58),c:unidentified(0.58),o:unidentified(0.58),f:unidentified(1.00),g:unidentified(1.00),s:Fungi_sp(0.58)	+	d:Eukaryota,k:Fungi,p:unidentified,c:unidentified,o:unidentified,f:unidentified,g:unidentified,s:Fungi_sp
OTU97_137;size=30	d:Eukaryota(1.00),k:Fungi(1.00),p:Basidiomycota(1.00),c:Agaricomycetes(0.60),o:Polyporales(0.60),f:Ganodermataceae(0.60),g:Ganoderma(0.60),s:Ganoderma_gibbosum(0.29)	+	d:Eukaryota,k:Fungi,p:Basidiomycota,c:Agaricomycetes,o:Polyporales,f:Ganodermataceae,g:Ganoderma
OTU97_138;size=30	d:Eukaryota(1.00),k:Fungi(1.00),p:Ascomycota(1.00),c:unidentified(0.98),o:unidentified(0.98),f:unidentified(1.00),g:unidentified(1.00),s:Ascomycota_sp(0.98)	+	d:Eukaryota,k:Fungi,p:Ascomycota,c:unidentified,o:unidentified,f:unidentified,g:unidentified,s:Ascomycota_sp
OTU97_141;size=44	d:Eukaryota(1.00),k:Fungi(1.00),p:Glomeromycota(0.56),c:Paraglomeromycetes(0.56),o:GS24(0.56),f:unidentified(1.00),g:unidentified(1.00),s:GS24_sp(0.56)	+	d:Eukaryota,k:Fungi,p:Glomeromycota,c:Paraglomeromycetes,o:GS24,f:unidentified,g:unidentified,s:GS24_sp
OTU97_140;size=29	d:Eukaryota(1.00),k:Fungi(1.00),p:Ascomycota(1.00),c:unidentified(1.00),o:unidentified(1.00),f:unidentified(1.00),g:unidentified(1.00),s:Ascomycota_sp(1.00)	+	d:Eukaryota,k:Fungi,p:Ascomycota,c:unidentified,o:unidentified,f:unidentified,g:unidentified,s:Ascomycota_sp
OTU97_139;size=44	d:Eukaryota(1.00),k:Fungi(1.00),p:Ascomycota(1.00),c:Eurotiomycetes(1.00),o:Eurotiales(1.00),f:Aspergillaceae(1.00),g:unidentified(0.69),s:Aspergillaceae_sp(0.69)	+	d:Eukaryota,k:Fungi,p:Ascomycota,c:Eurotiomycetes,o:Eurotiales,f:Aspergillaceae,g:unidentified,s:Aspergillaceae_sp
OTU97_143;size=29	d:Eukaryota(1.00),k:Fungi(1.00),p:Basidiomycota(0.78),c:Agaricomycetes(0.78),o:Polyporales(0.78),f:Polyporaceae(0.78),g:Microporus(0.78),s:Microporus_vernicipes(0.66)	+	d:Eukaryota,k:Fungi,p:Basidiomycota,c:Agaricomycetes,o:Polyporales,f:Polyporaceae,g:Microporus,s:Microporus_vernicipes
OTU97_142;size=29	d:Eukaryota(1.00),k:Fungi(1.00),p:Ascomycota(1.00),c:Sordariomycetes(1.00),o:Hypocreales(1.00),f:Hypocreales_fam_Incertae_sedis(1.00),g:Acremonium(1.00),s:Acremonium_furcatum(1.00)	+	d:Eukaryota,k:Fungi,p:Ascomycota,c:Sordariomycetes,o:Hypocreales,f:Hypocreales_fam_Incertae_sedis,g:Acremonium,s:Acremonium_furcatum
OTU97_133;size=31	d:Eukaryota(1.00),k:Fungi(1.00),p:Ascomycota(1.00),c:Sordariomycetes(1.00),o:Hypocreales(1.00),f:Cordycipitaceae(1.00),g:Lecanicillium(1.00),s:Lecanicillium_lecanii(1.00)	+	d:Eukaryota,k:Fungi,p:Ascomycota,c:Sordariomycetes,o:Hypocreales,f:Cordycipitaceae,g:Lecanicillium,s:Lecanicillium_lecanii
OTU97_146;size=28	d:Eukaryota(1.00),k:Fungi(1.00),p:unidentified(0.83),c:unidentified(1.00),o:unidentified(1.00),f:unidentified(1.00),g:unidentified(1.00),s:Fungi_sp(0.83)	+	d:Eukaryota,k:Fungi,p:unidentified,c:unidentified,o:unidentified,f:unidentified,g:unidentified,s:Fungi_sp
OTU97_147;size=28				
OTU97_148;size=27	d:Eukaryota(1.00),k:Fungi(1.00),p:unidentified(1.00),c:unidentified(1.00),o:unidentified(1.00),f:unidentified(1.00),g:unidentified(1.00),s:Fungi_sp(1.00)	+	d:Eukaryota,k:Fungi,p:unidentified,c:unidentified,o:unidentified,f:unidentified,g:unidentified,s:Fungi_sp
OTU97_149;size=26				
OTU97_144;size=28	d:Eukaryota(1.00),k:Fungi(1.00),p:Ascomycota(0.88),c:Dothideomycetes(0.88),o:Dothideales(0.88),f:Dothioraceae(0.86),g:unidentified(0.98),s:Dothioraceae_sp(0.86)	+	d:Eukaryota,k:Fungi,p:Ascomycota,c:Dothideomycetes,o:Dothideales,f:Dothioraceae,g:unidentified,s:Dothioraceae_sp
OTU97_150;size=45	d:Eukaryota(1.00),k:Fungi(1.00),p:Ascomycota(1.00),c:unidentified(1.00),o:unidentified(1.00),f:unidentified(1.00),g:unidentified(1.00),s:Ascomycota_sp(1.00)	+	d:Eukaryota,k:Fungi,p:Ascomycota,c:unidentified,o:unidentified,f:unidentified,g:unidentified,s:Ascomycota_sp
OTU97_145;size=28	d:Eukaryota(1.00),k:Fungi(1.00),p:unidentified(1.00),c:unidentified(1.00),o:unidentified(1.00),f:unidentified(1.00),g:unidentified(1.00),s:Fungi_sp(1.00)	+	d:Eukaryota,k:Fungi,p:unidentified,c:unidentified,o:unidentified,f:unidentified,g:unidentified,s:Fungi_sp
OTU97_155;size=23	d:Eukaryota(1.00),k:Fungi(1.00),p:unidentified(1.00),c:unidentified(1.00),o:unidentified(1.00),f:unidentified(1.00),g:unidentified(1.00),s:Fungi_sp(1.00)	+	d:Eukaryota,k:Fungi,p:unidentified,c:unidentified,o:unidentified,f:unidentified,g:unidentified,s:Fungi_sp
OTU97_154;size=23	d:Eukaryota(1.00),k:Fungi(1.00),p:Ascomycota(1.00),c:Saccharomycetes(1.00),o:Saccharomycetales(1.00),f:Debaryomycetaceae(1.00),g:Meyerozyma(1.00),s:Meyerozyma_guilliermondii(1.00)	+	d:Eukaryota,k:Fungi,p:Ascomycota,c:Saccharomycetes,o:Saccharomycetales,f:Debaryomycetaceae,g:Meyerozyma,s:Meyerozyma_guilliermondii
OTU97_159;size=33	d:Eukaryota(1.00),k:Fungi(1.00),p:Ascomycota(1.00),c:unidentified(1.00),o:unidentified(1.00),f:unidentified(1.00),g:unidentified(1.00),s:Ascomycota_sp(1.00)	+	d:Eukaryota,k:Fungi,p:Ascomycota,c:unidentified,o:unidentified,f:unidentified,g:unidentified,s:Ascomycota_sp
OTU97_153;size=23	d:Eukaryota(1.00),k:Fungi(1.00),p:unidentified(1.00),c:unidentified(1.00),o:unidentified(1.00),f:unidentified(1.00),g:unidentified(1.00),s:Fungi_sp(1.00)	+	d:Eukaryota,k:Fungi,p:unidentified,c:unidentified,o:unidentified,f:unidentified,g:unidentified,s:Fungi_sp
OTU97_156;size=23	d:Eukaryota(1.00),k:Fungi(1.00),p:Basidiomycota(0.86),c:unidentified(1.00),o:unidentified(1.00),f:unidentified(1.00),g:unidentified(1.00),s:Basidiomycota_sp(0.86)	+	d:Eukaryota,k:Fungi,p:Basidiomycota,c:unidentified,o:unidentified,f:unidentified,g:unidentified,s:Basidiomycota_sp
OTU97_151;size=24	d:Eukaryota(1.00),k:Fungi(1.00),p:Ascomycota(1.00),c:Dothideomycetes(1.00),o:Capnodiales(1.00),f:Cladosporiaceae(1.00),g:Cladosporium(1.00),s:Cladosporium_sp(0.95)	+	d:Eukaryota,k:Fungi,p:Ascomycota,c:Dothideomycetes,o:Capnodiales,f:Cladosporiaceae,g:Cladosporium,s:Cladosporium_sp
OTU97_157;size=23	d:Eukaryota(1.00),k:Fungi(1.00),p:Ascomycota(0.69),c:Sordariomycetes(0.49),o:Hypocreales(0.46),f:Hypocreaceae(0.25),g:Monocillium(0.25),s:Monocillium_tenue(0.24)	+	d:Eukaryota,k:Fungi,p:Ascomycota
OTU97_152;size=23	d:Eukaryota(1.00),k:Fungi(1.00),p:Ascomycota(0.74),c:Sordariomycetes(0.74),o:Hypocreales(0.30),f:Nectriaceae(0.29),g:Fusarium(0.21),s:Fusarium_sp(0.05)	+	d:Eukaryota,k:Fungi,p:Ascomycota,c:Sordariomycetes
OTU97_158;size=23	d:Eukaryota(1.00),k:Fungi(1.00),p:Ascomycota(0.96),c:Sordariomycetes(0.96),o:Hypocreales(0.96),f:Hypocreales_fam_Incertae_sedis(0.96),g:Gliocladium(0.71),s:Gliocladium_cibotii(0.71)	+	d:Eukaryota,k:Fungi,p:Ascomycota,c:Sordariomycetes,o:Hypocreales,f:Hypocreales_fam_Incertae_sedis,g:Gliocladium,s:Gliocladium_cibotii
OTU97_162;size=37	d:Eukaryota(1.00),k:Fungi(1.00),p:unidentified(1.00),c:unidentified(1.00),o:unidentified(1.00),f:unidentified(1.00),g:unidentified(1.00),s:Fungi_sp(1.00)	+	d:Eukaryota,k:Fungi,p:unidentified,c:unidentified,o:unidentified,f:unidentified,g:unidentified,s:Fungi_sp
OTU97_164;size=22	d:Eukaryota(1.00),k:Fungi(1.00),p:Ascomycota(0.98),c:Eurotiomycetes(0.98),o:Chaetothyriales(0.98),f:unidentified(1.00),g:unidentified(1.00),s:Chaetothyriales_sp(0.98)	+	d:Eukaryota,k:Fungi,p:Ascomycota,c:Eurotiomycetes,o:Chaetothyriales,f:unidentified,g:unidentified,s:Chaetothyriales_sp
OTU97_161;size=33	d:Eukaryota(1.00),k:Fungi(1.00),p:unidentified(0.09),c:unidentified(0.09),o:unidentified(0.09),f:unidentified(0.09),g:unidentified(0.09),s:Fungi_sp(0.09)	+	d:Eukaryota,k:Fungi
OTU97_163;size=22	d:Eukaryota(1.00),k:Fungi(1.00),p:Ascomycota(1.00),c:Sordariomycetes(1.00),o:Xylariales(1.00),f:Xylariaceae(1.00),g:unidentified(1.00),s:Xylariaceae_sp(1.00)	+	d:Eukaryota,k:Fungi,p:Ascomycota,c:Sordariomycetes,o:Xylariales,f:Xylariaceae,g:unidentified,s:Xylariaceae_sp
OTU97_160;size=30	d:Eukaryota(1.00),k:Fungi(1.00),p:unidentified(0.91),c:unidentified(1.00),o:unidentified(1.00),f:unidentified(1.00),g:unidentified(1.00),s:Fungi_sp(0.91)	+	d:Eukaryota,k:Fungi,p:unidentified,c:unidentified,o:unidentified,f:unidentified,g:unidentified,s:Fungi_sp
OTU97_167;size=22	d:Eukaryota(1.00),k:Fungi(1.00),p:unidentified(0.70),c:unidentified(0.97),o:unidentified(0.97),f:unidentified(0.97),g:unidentified(0.97),s:Fungi_sp(0.70)	+	d:Eukaryota,k:Fungi,p:unidentified,c:unidentified,o:unidentified,f:unidentified,g:unidentified,s:Fungi_sp
OTU97_165;size=22	d:Eukaryota(1.00),k:Fungi(1.00),p:Basidiomycota(1.00),c:Agaricomycetes(0.76),o:Agaricales(0.76),f:Entolomataceae(0.76),g:Entoloma(0.76),s:Entoloma_sp(0.76)	+	d:Eukaryota,k:Fungi,p:Basidiomycota,c:Agaricomycetes,o:Agaricales,f:Entolomataceae,g:Entoloma,s:Entoloma_sp
OTU97_166;size=22	d:Eukaryota(1.00),k:Fungi(1.00),p:Ascomycota(0.98),c:Sordariomycetes(0.95),o:Hypocreales(0.95),f:Nectriaceae(0.94),g:unidentified(0.99),s:Nectriaceae_sp(0.94)	+	d:Eukaryota,k:Fungi,p:Ascomycota,c:Sordariomycetes,o:Hypocreales,f:Nectriaceae,g:unidentified,s:Nectriaceae_sp
OTU97_168;size=22	d:Eukaryota(1.00),k:Fungi(1.00),p:Ascomycota(0.46),c:Pezizomycetes(0.46),o:Pezizales(0.46),f:Pyronemataceae(0.46),g:Trichophaea(0.32),s:Trichophaea_sp(0.32)	+	d:Eukaryota,k:Fungi
OTU97_169;size=25	d:Eukaryota(1.00),k:Fungi(1.00),p:Ascomycota(1.00),c:unidentified(1.00),o:unidentified(1.00),f:unidentified(1.00),g:unidentified(1.00),s:Ascomycota_sp(1.00)	+	d:Eukaryota,k:Fungi,p:Ascomycota,c:unidentified,o:unidentified,f:unidentified,g:unidentified,s:Ascomycota_sp
OTU97_171;size=21	d:Eukaryota(1.00),k:Fungi(0.99),p:Ascomycota(0.94),c:Eurotiomycetes(0.94),o:Onygenales(0.94),f:Onygenaceae(0.29),g:Auxarthron(0.29),s:Auxarthron_ostraviense(0.19)	+	d:Eukaryota,k:Fungi,p:Ascomycota,c:Eurotiomycetes,o:Onygenales
OTU97_170;size=21	d:Eukaryota(1.00),k:Fungi(1.00),p:Ascomycota(1.00),c:Eurotiomycetes(1.00),o:Eurotiales(1.00),f:Aspergillaceae(1.00),g:unidentified(1.00),s:Aspergillaceae_sp(1.00)	+	d:Eukaryota,k:Fungi,p:Ascomycota,c:Eurotiomycetes,o:Eurotiales,f:Aspergillaceae,g:unidentified,s:Aspergillaceae_sp
OTU97_175;size=20	d:Eukaryota(1.00),k:Fungi(1.00),p:unidentified(1.00),c:unidentified(1.00),o:unidentified(1.00),f:unidentified(1.00),g:unidentified(1.00),s:Fungi_sp(1.00)	+	d:Eukaryota,k:Fungi,p:unidentified,c:unidentified,o:unidentified,f:unidentified,g:unidentified,s:Fungi_sp
OTU97_173;size=37	d:Eukaryota(1.00),k:Fungi(1.00),p:Ascomycota(1.00),c:Eurotiomycetes(1.00),o:Eurotiales(1.00),f:Aspergillaceae(1.00),g:unidentified(1.00),s:Aspergillaceae_sp(1.00)	+	d:Eukaryota,k:Fungi,p:Ascomycota,c:Eurotiomycetes,o:Eurotiales,f:Aspergillaceae,g:unidentified,s:Aspergillaceae_sp
OTU97_174;size=20	d:Eukaryota(1.00),k:Fungi(1.00),p:Ascomycota(0.90),c:unidentified(0.96),o:unidentified(0.96),f:unidentified(0.96),g:unidentified(0.96),s:Ascomycota_sp(0.86)	+	d:Eukaryota,k:Fungi,p:Ascomycota,c:unidentified,o:unidentified,f:unidentified,g:unidentified,s:Ascomycota_sp
OTU97_176;size=20	d:Eukaryota(1.00),k:Fungi(1.00),p:Ascomycota(1.00),c:Eurotiomycetes(1.00),o:Onygenales(1.00),f:Gymnoascaceae(1.00),g:Gymnascella(0.97),s:Gymnascella_hyalinospora(0.94)	+	d:Eukaryota,k:Fungi,p:Ascomycota,c:Eurotiomycetes,o:Onygenales,f:Gymnoascaceae,g:Gymnascella,s:Gymnascella_hyalinospora
OTU97_172;size=26	d:Eukaryota(1.00),k:Fungi(1.00),p:Ascomycota(0.98),c:Sordariomycetes(0.48),o:Hypocreales(0.48),f:Niessliaceae(0.20),g:Eucasphaeria(0.20),s:Eucasphaeria_sp(0.20)	+	d:Eukaryota,k:Fungi,p:Ascomycota
OTU97_177;size=20	d:Eukaryota(1.00),k:Fungi(1.00),p:Ascomycota(0.95),c:Leotiomycetes(0.95),o:Helotiales(0.95),f:Hyaloscyphaceae(0.95),g:Bactrodesmium(0.95),s:Bactrodesmium_longisporum(0.95)	+	d:Eukaryota,k:Fungi,p:Ascomycota,c:Leotiomycetes,o:Helotiales,f:Hyaloscyphaceae,g:Bactrodesmium,s:Bactrodesmium_longisporum
OTU97_182;size=19				
OTU97_180;size=20	d:Eukaryota(1.00),k:Fungi(1.00),p:Ascomycota(0.92),c:Dothideomycetes(0.92),o:Dothideomycetes_ord_Incertae_sedis(0.92),f:Eremomycetaceae(0.92),g:unidentified(1.00),s:Eremomycetaceae_sp(0.92)	+	d:Eukaryota,k:Fungi,p:Ascomycota,c:Dothideomycetes,o:Dothideomycetes_ord_Incertae_sedis,f:Eremomycetaceae,g:unidentified,s:Eremomycetaceae_sp
OTU97_179;size=20	d:Eukaryota(1.00),k:Fungi(1.00),p:unidentified(0.76),c:unidentified(1.00),o:unidentified(1.00),f:unidentified(1.00),g:unidentified(1.00),s:Fungi_sp(0.76)	+	d:Eukaryota,k:Fungi,p:unidentified,c:unidentified,o:unidentified,f:unidentified,g:unidentified,s:Fungi_sp
OTU97_178;size=20	d:Eukaryota(1.00),k:Fungi(1.00),p:Ascomycota(1.00),c:unidentified(1.00),o:unidentified(1.00),f:unidentified(1.00),g:unidentified(1.00),s:Ascomycota_sp(1.00)	+	d:Eukaryota,k:Fungi,p:Ascomycota,c:unidentified,o:unidentified,f:unidentified,g:unidentified,s:Ascomycota_sp
OTU97_183;size=19	d:Eukaryota(1.00),k:Fungi(1.00),p:Ascomycota(0.61),c:Dothideomycetes(0.61),o:Pleosporales(0.61),f:Didymellaceae(0.42),g:unidentified(0.94),s:Didymellaceae_sp(0.39)	+	d:Eukaryota,k:Fungi,p:Ascomycota,c:Dothideomycetes,o:Pleosporales,g:unidentified
OTU97_184;size=19	d:Eukaryota(1.00),k:Fungi(1.00),p:unidentified(0.46),c:unidentified(1.00),o:unidentified(1.00),f:unidentified(1.00),g:unidentified(1.00),s:Fungi_sp(0.46)	+	d:Eukaryota,k:Fungi,c:unidentified,o:unidentified,f:unidentified,g:unidentified
OTU97_181;size=20	d:Eukaryota(1.00),k:Fungi(1.00),p:Ascomycota(0.98),c:Dothideomycetes(0.98),o:Pleosporales(0.98),f:Phaeosphaeriaceae(0.98),g:Phaeosphaeria(0.98),s:Phaeosphaeria_sp(0.98)	+	d:Eukaryota,k:Fungi,p:Ascomycota,c:Dothideomycetes,o:Pleosporales,f:Phaeosphaeriaceae,g:Phaeosphaeria,s:Phaeosphaeria_sp
OTU97_185;size=26				
OTU97_187;size=18				
OTU97_186;size=18	d:Eukaryota(1.00),k:Fungi(1.00),p:Ascomycota(1.00),c:Dothideomycetes(0.70),o:Tubeufiales(0.47),f:Tubeufiaceae(0.47),g:unidentified(1.00),s:Tubeufiaceae_sp(0.47)	+	d:Eukaryota,k:Fungi,p:Ascomycota,c:Dothideomycetes,g:unidentified
OTU97_189;size=18	d:Eukaryota(1.00),k:Fungi(0.62),p:unidentified(0.62),c:unidentified(0.62),o:unidentified(1.00),f:unidentified(1.00),g:unidentified(1.00),s:Fungi_sp(0.62)	+	d:Eukaryota,k:Fungi,p:unidentified,c:unidentified,o:unidentified,f:unidentified,g:unidentified,s:Fungi_sp
OTU97_188;size=18	d:Eukaryota(1.00),k:Fungi(1.00),p:Ascomycota(1.00),c:unidentified(1.00),o:unidentified(1.00),f:unidentified(1.00),g:unidentified(1.00),s:Ascomycota_sp(1.00)	+	d:Eukaryota,k:Fungi,p:Ascomycota,c:unidentified,o:unidentified,f:unidentified,g:unidentified,s:Ascomycota_sp
OTU97_190;size=18	d:Eukaryota(1.00),k:Fungi(1.00),p:Basidiomycota(0.86),c:Agaricomycetes(0.86),o:Agaricales(0.86),f:Marasmiaceae(0.86),g:Campanella(0.33),s:Campanella_pustulata(0.25)	+	d:Eukaryota,k:Fungi,p:Basidiomycota,c:Agaricomycetes,o:Agaricales,f:Marasmiaceae
OTU97_194;size=17	d:Eukaryota(1.00),k:Rhizaria(0.83),p:Cercozoa(0.83),c:unidentified(1.00),o:unidentified(1.00),f:unidentified(1.00),g:unidentified(1.00),s:Cercozoa_sp(0.83)	+	d:Eukaryota,k:Rhizaria,p:Cercozoa,c:unidentified,o:unidentified,f:unidentified,g:unidentified,s:Cercozoa_sp
OTU97_193;size=18				
OTU97_197;size=17	d:Eukaryota(1.00),k:Fungi(1.00),p:Ascomycota(1.00),c:unidentified(1.00),o:unidentified(1.00),f:unidentified(1.00),g:unidentified(1.00),s:Ascomycota_sp(1.00)	+	d:Eukaryota,k:Fungi,p:Ascomycota,c:unidentified,o:unidentified,f:unidentified,g:unidentified,s:Ascomycota_sp
OTU97_192;size=18	d:Eukaryota(1.00),k:Fungi(1.00),p:Ascomycota(0.99),c:Sordariomycetes(0.97),o:Hypocreales(0.97),f:Nectriaceae(0.97),g:Paracremonium(0.89),s:Paracremonium_sp(0.89)	+	d:Eukaryota,k:Fungi,p:Ascomycota,c:Sordariomycetes,o:Hypocreales,f:Nectriaceae,g:Paracremonium,s:Paracremonium_sp
OTU97_195;size=17	d:Eukaryota(1.00),k:Fungi(1.00),p:Ascomycota(0.85),c:Eurotiomycetes(0.77),o:Eurotiales(0.77),f:Trichocomaceae(0.39),g:Talaromyces(0.39),s:Talaromyces_diversus(0.07)	+	d:Eukaryota,k:Fungi,p:Ascomycota,c:Eurotiomycetes,o:Eurotiales
OTU97_198;size=17	d:Eukaryota(1.00),k:Fungi(1.00),p:unidentified(1.00),c:unidentified(1.00),o:unidentified(1.00),f:unidentified(1.00),g:unidentified(1.00),s:Fungi_sp(1.00)	+	d:Eukaryota,k:Fungi,p:unidentified,c:unidentified,o:unidentified,f:unidentified,g:unidentified,s:Fungi_sp
OTU97_196;size=17	d:Eukaryota(1.00),k:Fungi(1.00),p:Ascomycota(1.00),c:Eurotiomycetes(1.00),o:Onygenales(1.00),f:Onygenaceae(1.00),g:Auxarthron(1.00),s:Auxarthron_chlamydosporum(0.90)	+	d:Eukaryota,k:Fungi,p:Ascomycota,c:Eurotiomycetes,o:Onygenales,f:Onygenaceae,g:Auxarthron,s:Auxarthron_chlamydosporum
OTU97_199;size=30	d:Eukaryota(1.00),k:Fungi(1.00),p:Ascomycota(1.00),c:unidentified(1.00),o:unidentified(1.00),f:unidentified(1.00),g:unidentified(1.00),s:Ascomycota_sp(1.00)	+	d:Eukaryota,k:Fungi,p:Ascomycota,c:unidentified,o:unidentified,f:unidentified,g:unidentified,s:Ascomycota_sp
OTU97_191;size=18	d:Eukaryota(1.00),k:Fungi(1.00),p:Ascomycota(0.92),c:Sordariomycetes(0.92),o:Hypocreales(0.92),f:Hypocreaceae(0.92),g:unidentified(0.46),s:Hypocreaceae_sp(0.38)	+	d:Eukaryota,k:Fungi,p:Ascomycota,c:Sordariomycetes,o:Hypocreales,f:Hypocreaceae
OTU97_200;size=16	d:Eukaryota(1.00),k:Fungi(1.00),p:Basidiomycota(0.55),c:unidentified(1.00),o:unidentified(1.00),f:unidentified(1.00),g:unidentified(1.00),s:Basidiomycota_sp(0.55)	+	d:Eukaryota,k:Fungi,p:Basidiomycota,c:unidentified,o:unidentified,f:unidentified,g:unidentified,s:Basidiomycota_sp
OTU97_201;size=16	d:Eukaryota(1.00),k:Fungi(1.00),p:Basidiomycota(1.00),c:Agaricomycetes(1.00),o:Agaricales(1.00),f:Psathyrellaceae(1.00),g:Coprinellus(1.00),s:Coprinellus_marculentus(1.00)	+	d:Eukaryota,k:Fungi,p:Basidiomycota,c:Agaricomycetes,o:Agaricales,f:Psathyrellaceae,g:Coprinellus,s:Coprinellus_marculentus
OTU97_204;size=15				
OTU97_203;size=15				
OTU97_202;size=16	d:Eukaryota(1.00),k:Fungi(1.00),p:Basidiomycota(0.35),c:Agaricomycetes(0.33),o:Cantharellales(0.33),f:Ceratobasidiaceae(0.33),g:Ceratobasidium(0.32),s:Ceratobasidium_cornigerum(0.04)	+	d:Eukaryota,k:Fungi
OTU97_206;size=15	d:Eukaryota(1.00),k:Fungi(1.00),p:Ascomycota(0.65),c:unidentified(0.97),o:unidentified(0.97),f:unidentified(0.97),g:unidentified(0.97),s:Ascomycota_sp(0.62)	+	d:Eukaryota,k:Fungi,p:Ascomycota,c:unidentified,o:unidentified,f:unidentified,g:unidentified,s:Ascomycota_sp
OTU97_205;size=15	d:Eukaryota(1.00),k:Fungi(1.00),p:Ascomycota(0.90),c:Eurotiomycetes(0.90),o:Onygenales(0.90),f:Onygenaceae(0.85),g:Auxarthron(0.78),s:Auxarthron_pseudauxarthron(0.65)	+	d:Eukaryota,k:Fungi,p:Ascomycota,c:Eurotiomycetes,o:Onygenales,f:Onygenaceae,g:Auxarthron,s:Auxarthron_pseudauxarthron
OTU97_208;size=15	d:Eukaryota(1.00),k:Fungi(1.00),p:Ascomycota(1.00),c:Eurotiomycetes(1.00),o:Eurotiales(1.00),f:Trichocomaceae(1.00),g:Talaromyces(1.00),s:Talaromyces_sp(1.00)	+	d:Eukaryota,k:Fungi,p:Ascomycota,c:Eurotiomycetes,o:Eurotiales,f:Trichocomaceae,g:Talaromyces,s:Talaromyces_sp
OTU97_209;size=15				
OTU97_215;size=14				
OTU97_212;size=14	d:Eukaryota(1.00),k:Fungi(1.00),p:Ascomycota(1.00),c:Sordariomycetes(0.98),o:Hypocreales(0.98),f:Nectriaceae(0.98),g:Volutella(0.98),s:Volutella_sp(0.98)	+	d:Eukaryota,k:Fungi,p:Ascomycota,c:Sordariomycetes,o:Hypocreales,f:Nectriaceae,g:Volutella,s:Volutella_sp
OTU97_207;size=15	d:Eukaryota(1.00),k:Fungi(1.00),p:Ascomycota(1.00),c:Eurotiomycetes(1.00),o:Eurotiales(1.00),f:Aspergillaceae(1.00),g:Aspergillus(0.97),s:Aspergillus_terreus(0.69)	+	d:Eukaryota,k:Fungi,p:Ascomycota,c:Eurotiomycetes,o:Eurotiales,f:Aspergillaceae,g:Aspergillus,s:Aspergillus_terreus
OTU97_210;size=15	d:Eukaryota(1.00),k:Fungi(1.00),p:Ascomycota(1.00),c:Eurotiomycetes(1.00),o:Eurotiales(1.00),f:Aspergillaceae(1.00),g:unidentified(1.00),s:Aspergillaceae_sp(1.00)	+	d:Eukaryota,k:Fungi,p:Ascomycota,c:Eurotiomycetes,o:Eurotiales,f:Aspergillaceae,g:unidentified,s:Aspergillaceae_sp
OTU97_214;size=14	d:Eukaryota(1.00),k:Fungi(1.00),p:unidentified(1.00),c:unidentified(1.00),o:unidentified(1.00),f:unidentified(1.00),g:unidentified(1.00),s:Fungi_sp(1.00)	+	d:Eukaryota,k:Fungi,p:unidentified,c:unidentified,o:unidentified,f:unidentified,g:unidentified,s:Fungi_sp
OTU97_213;size=14	d:Eukaryota(1.00),k:Fungi(1.00),p:Ascomycota(1.00),c:Eurotiomycetes(0.94),o:Chaetothyriales(0.94),f:Herpotrichiellaceae(0.94),g:unidentified(0.94),s:Herpotrichiellaceae_sp(0.88)	+	d:Eukaryota,k:Fungi,p:Ascomycota,c:Eurotiomycetes,o:Chaetothyriales,f:Herpotrichiellaceae,g:unidentified,s:Herpotrichiellaceae_sp
OTU97_217;size=14	d:Eukaryota(1.00),k:Fungi(1.00),p:unidentified(1.00),c:unidentified(1.00),o:unidentified(1.00),f:unidentified(1.00),g:unidentified(1.00),s:Fungi_sp(1.00)	+	d:Eukaryota,k:Fungi,p:unidentified,c:unidentified,o:unidentified,f:unidentified,g:unidentified,s:Fungi_sp
OTU97_211;size=15	d:Eukaryota(1.00),k:Fungi(1.00),p:Ascomycota(1.00),c:Eurotiomycetes(1.00),o:Eurotiales(1.00),f:Aspergillaceae(1.00),g:Aspergillus(1.00),s:Aspergillus_flavus(0.94)	+	d:Eukaryota,k:Fungi,p:Ascomycota,c:Eurotiomycetes,o:Eurotiales,f:Aspergillaceae,g:Aspergillus,s:Aspergillus_flavus
OTU97_218;size=13				
OTU97_216;size=14	d:Eukaryota(1.00),k:Fungi(1.00),p:Ascomycota(1.00),c:Sordariomycetes(1.00),o:Microascales(1.00),f:Microascaceae(1.00),g:Microascus(1.00),s:Microascus_cirrosus(1.00)	+	d:Eukaryota,k:Fungi,p:Ascomycota,c:Sordariomycetes,o:Microascales,f:Microascaceae,g:Microascus,s:Microascus_cirrosus
OTU97_219;size=13				
OTU97_220;size=13	d:Eukaryota(1.00),k:Fungi(1.00),p:Basidiomycota(0.91),c:Tremellomycetes(0.91),o:Tremellales(0.91),f:Bulleraceae(0.78),g:Bullera(0.78),s:Bullera_sp(0.78)	+	d:Eukaryota,k:Fungi,p:Basidiomycota,c:Tremellomycetes,o:Tremellales,f:Bulleraceae,g:Bullera,s:Bullera_sp
OTU97_225;size=12	d:Eukaryota(1.00),k:Fungi(1.00),p:unidentified(1.00),c:unidentified(1.00),o:unidentified(1.00),f:unidentified(1.00),g:unidentified(1.00),s:Fungi_sp(1.00)	+	d:Eukaryota,k:Fungi,p:unidentified,c:unidentified,o:unidentified,f:unidentified,g:unidentified,s:Fungi_sp
OTU97_223;size=13	d:Eukaryota(1.00),k:Fungi(1.00),p:unidentified(1.00),c:unidentified(1.00),o:unidentified(1.00),f:unidentified(1.00),g:unidentified(1.00),s:Fungi_sp(1.00)	+	d:Eukaryota,k:Fungi,p:unidentified,c:unidentified,o:unidentified,f:unidentified,g:unidentified,s:Fungi_sp
OTU97_222;size=13	d:Eukaryota(1.00),k:Fungi(1.00),p:Basidiomycota(1.00),c:Agaricomycetes(1.00),o:Agaricales(1.00),f:Tricholomataceae(1.00),g:Calyptella(1.00),s:Calyptella_sp(1.00)	+	d:Eukaryota,k:Fungi,p:Basidiomycota,c:Agaricomycetes,o:Agaricales,f:Tricholomataceae,g:Calyptella,s:Calyptella_sp
OTU97_226;size=12	d:Eukaryota(1.00),k:Fungi(1.00),p:Zoopagomycota(1.00),c:unidentified(1.00),o:unidentified(1.00),f:unidentified(1.00),g:unidentified(1.00),s:Zoopagomycotina(1.00)	+	d:Eukaryota,k:Fungi,p:Zoopagomycota,c:unidentified,o:unidentified,f:unidentified,g:unidentified,s:Zoopagomycotina
OTU97_221;size=13	d:Eukaryota(1.00),k:Fungi(1.00),p:Ascomycota(0.97),c:Eurotiomycetes(0.97),o:Onygenales(0.97),f:Onygenaceae(0.97),g:Myriodontium(0.97),s:Myriodontium_keratinophilum(0.97)	+	d:Eukaryota,k:Fungi,p:Ascomycota,c:Eurotiomycetes,o:Onygenales,f:Onygenaceae,g:Myriodontium,s:Myriodontium_keratinophilum
OTU97_227;size=12	d:Eukaryota(1.00),k:Fungi(1.00),p:unidentified(1.00),c:unidentified(1.00),o:unidentified(1.00),f:unidentified(1.00),g:unidentified(1.00),s:Fungi_sp(1.00)	+	d:Eukaryota,k:Fungi,p:unidentified,c:unidentified,o:unidentified,f:unidentified,g:unidentified,s:Fungi_sp
OTU97_229;size=12	d:Eukaryota(1.00),k:Fungi(1.00),p:unidentified(0.94),c:unidentified(0.94),o:unidentified(0.94),f:unidentified(0.97),g:unidentified(0.99),s:Fungi_sp(0.94)	+	d:Eukaryota,k:Fungi,p:unidentified,c:unidentified,o:unidentified,f:unidentified,g:unidentified,s:Fungi_sp
OTU97_228;size=12				
OTU97_224;size=13	d:Eukaryota(1.00),k:Fungi(1.00),p:Ascomycota(1.00),c:Eurotiomycetes(1.00),o:Eurotiales(1.00),f:Aspergillaceae(1.00),g:Aspergillus(1.00),s:Aspergillus_diversus(1.00)	+	d:Eukaryota,k:Fungi,p:Ascomycota,c:Eurotiomycetes,o:Eurotiales,f:Aspergillaceae,g:Aspergillus,s:Aspergillus_diversus
OTU97_233;size=11				
OTU97_232;size=11	d:Eukaryota(1.00),k:Fungi(1.00),p:Ascomycota(1.00),c:Dothideomycetes(1.00),o:Pleosporales(1.00),f:Pleosporales_fam_Incertae_sedis(1.00),g:Monodictys(1.00),s:Monodictys_bicolorata(1.00)	+	d:Eukaryota,k:Fungi,p:Ascomycota,c:Dothideomycetes,o:Pleosporales,f:Pleosporales_fam_Incertae_sedis,g:Monodictys,s:Monodictys_bicolorata
OTU97_230;size=12	d:Eukaryota(1.00),k:Fungi(1.00),p:unidentified(0.95),c:unidentified(0.95),o:unidentified(0.95),f:unidentified(0.95),g:unidentified(0.99),s:Fungi_sp(0.95)	+	d:Eukaryota,k:Fungi,p:unidentified,c:unidentified,o:unidentified,f:unidentified,g:unidentified,s:Fungi_sp
OTU97_237;size=11				
OTU97_235;size=11	d:Eukaryota(1.00),k:Fungi(1.00),p:Ascomycota(0.86),c:Sordariomycetes(0.84),o:Microascales(0.75),f:Microascaceae(0.75),g:Scedosporium(0.33),s:Scedosporium_sp(0.09)	+	d:Eukaryota,k:Fungi,p:Ascomycota,c:Sordariomycetes,o:Microascales,f:Microascaceae
OTU97_231;size=12	d:Eukaryota(1.00),k:Fungi(1.00),p:Ascomycota(0.63),c:Sordariomycetes(0.51),o:Hypocreales(0.51),f:Nectriaceae(0.50),g:unidentified(0.90),s:Nectriaceae_sp(0.40)	+	d:Eukaryota,k:Fungi,p:Ascomycota,c:Sordariomycetes,o:Hypocreales,f:Nectriaceae,g:unidentified
OTU97_234;size=11	d:Eukaryota(1.00),k:Fungi(1.00),p:Ascomycota(0.98),c:unidentified(1.00),o:unidentified(1.00),f:unidentified(1.00),g:unidentified(1.00),s:Ascomycota_sp(0.98)	+	d:Eukaryota,k:Fungi,p:Ascomycota,c:unidentified,o:unidentified,f:unidentified,g:unidentified,s:Ascomycota_sp
OTU97_236;size=11	d:Eukaryota(1.00),k:Fungi(1.00),p:Mucoromycota(0.97),c:unidentified(1.00),o:unidentified(1.00),f:unidentified(1.00),g:unidentified(1.00),s:Mucoromycota_sp(0.97)	+	d:Eukaryota,k:Fungi,p:Mucoromycota,c:unidentified,o:unidentified,f:unidentified,g:unidentified,s:Mucoromycota_sp
OTU97_238;size=11				
OTU97_242;size=10				
OTU97_241;size=12				
OTU97_239;size=11	d:Eukaryota(1.00),k:Fungi(1.00),p:Ascomycota(1.00),c:Eurotiomycetes(1.00),o:Eurotiales(1.00),f:Aspergillaceae(1.00),g:Aspergillus(1.00),s:Aspergillus_wentii(1.00)	+	d:Eukaryota,k:Fungi,p:Ascomycota,c:Eurotiomycetes,o:Eurotiales,f:Aspergillaceae,g:Aspergillus,s:Aspergillus_wentii
OTU97_240;size=11	d:Eukaryota(1.00),k:Fungi(1.00),p:Ascomycota(1.00),c:Sordariomycetes(0.98),o:Sordariales(0.98),f:Chaetomiaceae(0.98),g:Chaetomium(0.97),s:Chaetomium_sp(0.92)	+	d:Eukaryota,k:Fungi,p:Ascomycota,c:Sordariomycetes,o:Sordariales,f:Chaetomiaceae,g:Chaetomium,s:Chaetomium_sp
OTU97_246;size=10				
OTU97_243;size=10	d:Eukaryota(1.00),k:Fungi(1.00),p:Ascomycota(1.00),c:Sordariomycetes(1.00),o:Sordariales(1.00),f:Sordariales_fam_Incertae_sedis(1.00),g:Cordana(1.00),s:Cordana_bisbyi(1.00)	+	d:Eukaryota,k:Fungi,p:Ascomycota,c:Sordariomycetes,o:Sordariales,f:Sordariales_fam_Incertae_sedis,g:Cordana,s:Cordana_bisbyi
OTU97_245;size=10	d:Eukaryota(1.00),k:Fungi(1.00),p:Ascomycota(0.80),c:unidentified(1.00),o:unidentified(1.00),f:unidentified(1.00),g:unidentified(1.00),s:Ascomycota_sp(0.80)	+	d:Eukaryota,k:Fungi,p:Ascomycota,c:unidentified,o:unidentified,f:unidentified,g:unidentified,s:Ascomycota_sp
OTU97_244;size=10				
OTU97_249;size=10	d:Eukaryota(1.00),k:Fungi(1.00),p:unidentified(0.90),c:unidentified(0.90),o:unidentified(0.90),f:unidentified(0.90),g:unidentified(0.94),s:Fungi_sp(0.90)	+	d:Eukaryota,k:Fungi,p:unidentified,c:unidentified,o:unidentified,f:unidentified,g:unidentified,s:Fungi_sp
OTU97_248;size=10	d:Eukaryota(1.00),k:Fungi(1.00),p:Ascomycota(1.00),c:Dothideomycetes(1.00),o:Botryosphaeriales(1.00),f:Botryosphaeriaceae(1.00),g:unidentified(1.00),s:Botryosphaeriaceae_sp(1.00)	+	d:Eukaryota,k:Fungi,p:Ascomycota,c:Dothideomycetes,o:Botryosphaeriales,f:Botryosphaeriaceae,g:unidentified,s:Botryosphaeriaceae_sp
OTU97_247;size=10	d:Eukaryota(1.00),k:Fungi(1.00),p:Ascomycota(1.00),c:Eurotiomycetes(1.00),o:Eurotiales(1.00),f:Aspergillaceae(1.00),g:Penicillium(1.00),s:Penicillium_sp(1.00)	+	d:Eukaryota,k:Fungi,p:Ascomycota,c:Eurotiomycetes,o:Eurotiales,f:Aspergillaceae,g:Penicillium,s:Penicillium_sp
OTU97_255;size=9				
OTU97_251;size=14	d:Eukaryota(1.00),k:Fungi(1.00),p:Ascomycota(1.00),c:Dothideomycetes(0.34),o:Pleosporales(0.34),f:unidentified(1.00),g:unidentified(1.00),s:Pleosporales_sp(0.34)	+	d:Eukaryota,k:Fungi,p:Ascomycota,f:unidentified,g:unidentified
OTU97_254;size=9	d:Eukaryota(1.00),k:Fungi(1.00),p:unidentified(1.00),c:unidentified(1.00),o:unidentified(1.00),f:unidentified(1.00),g:unidentified(1.00),s:Fungi_sp(1.00)	+	d:Eukaryota,k:Fungi,p:unidentified,c:unidentified,o:unidentified,f:unidentified,g:unidentified,s:Fungi_sp
OTU97_250;size=10	d:Eukaryota(1.00),k:Fungi(1.00),p:unidentified(1.00),c:unidentified(1.00),o:unidentified(1.00),f:unidentified(1.00),g:unidentified(1.00),s:Fungi_sp(1.00)	+	d:Eukaryota,k:Fungi,p:unidentified,c:unidentified,o:unidentified,f:unidentified,g:unidentified,s:Fungi_sp
OTU97_252;size=9	d:Eukaryota(1.00),k:Fungi(0.70),p:unidentified(0.70),c:unidentified(0.70),o:unidentified(0.70),f:unidentified(0.70),g:unidentified(0.70),s:Fungi_sp(0.70)	+	d:Eukaryota,k:Fungi,p:unidentified,c:unidentified,o:unidentified,f:unidentified,g:unidentified,s:Fungi_sp
OTU97_257;size=9	d:Eukaryota(1.00),k:Fungi(1.00),p:Basidiomycota(1.00),c:Tremellomycetes(1.00),o:Tremellales(1.00),f:unidentified(1.00),g:unidentified(1.00),s:Tremellales_sp(1.00)	+	d:Eukaryota,k:Fungi,p:Basidiomycota,c:Tremellomycetes,o:Tremellales,f:unidentified,g:unidentified,s:Tremellales_sp
OTU97_253;size=9	d:Eukaryota(1.00),k:Fungi(1.00),p:unidentified(0.91),c:unidentified(1.00),o:unidentified(1.00),f:unidentified(1.00),g:unidentified(1.00),s:Fungi_sp(0.91)	+	d:Eukaryota,k:Fungi,p:unidentified,c:unidentified,o:unidentified,f:unidentified,g:unidentified,s:Fungi_sp
OTU97_258;size=9	d:Eukaryota(1.00),k:Fungi(1.00),p:unidentified(1.00),c:unidentified(1.00),o:unidentified(1.00),f:unidentified(1.00),g:unidentified(1.00),s:Fungi_sp(1.00)	+	d:Eukaryota,k:Fungi,p:unidentified,c:unidentified,o:unidentified,f:unidentified,g:unidentified,s:Fungi_sp
OTU97_256;size=9	d:Eukaryota(1.00),k:Fungi(1.00),p:Ascomycota(1.00),c:unidentified(1.00),o:unidentified(1.00),f:unidentified(1.00),g:unidentified(1.00),s:Ascomycota_sp(1.00)	+	d:Eukaryota,k:Fungi,p:Ascomycota,c:unidentified,o:unidentified,f:unidentified,g:unidentified,s:Ascomycota_sp
OTU97_259;size=9	d:Eukaryota(1.00),k:Fungi(1.00),p:Basidiomycota(0.81),c:unidentified(1.00),o:unidentified(1.00),f:unidentified(1.00),g:unidentified(1.00),s:Basidiomycota_sp(0.81)	+	d:Eukaryota,k:Fungi,p:Basidiomycota,c:unidentified,o:unidentified,f:unidentified,g:unidentified,s:Basidiomycota_sp
OTU97_262;size=9	d:Eukaryota(1.00),k:Fungi(1.00),p:Ascomycota(1.00),c:unidentified(1.00),o:unidentified(1.00),f:unidentified(1.00),g:unidentified(1.00),s:Ascomycota_sp(1.00)	+	d:Eukaryota,k:Fungi,p:Ascomycota,c:unidentified,o:unidentified,f:unidentified,g:unidentified,s:Ascomycota_sp
OTU97_260;size=9	d:Eukaryota(1.00),k:Fungi(1.00),p:Ascomycota(0.83),c:unidentified(0.83),o:unidentified(0.83),f:unidentified(0.83),g:unidentified(0.83),s:Ascomycota_sp(0.83)	+	d:Eukaryota,k:Fungi,p:Ascomycota,c:unidentified,o:unidentified,f:unidentified,g:unidentified,s:Ascomycota_sp
OTU97_261;size=9	d:Eukaryota(1.00),k:Fungi(1.00),p:Ascomycota(1.00),c:Saccharomycetes(1.00),o:Saccharomycetales(1.00),f:Saccharomycetaceae(1.00),g:Kazachstania(1.00),s:Kazachstania_jiainica(1.00)	+	d:Eukaryota,k:Fungi,p:Ascomycota,c:Saccharomycetes,o:Saccharomycetales,f:Saccharomycetaceae,g:Kazachstania,s:Kazachstania_jiainica
OTU97_263;size=9				
OTU97_264;size=9	d:Eukaryota(1.00),k:Fungi(1.00),p:Ascomycota(1.00),c:unidentified(1.00),o:unidentified(1.00),f:unidentified(1.00),g:unidentified(1.00),s:Ascomycota_sp(1.00)	+	d:Eukaryota,k:Fungi,p:Ascomycota,c:unidentified,o:unidentified,f:unidentified,g:unidentified,s:Ascomycota_sp
OTU97_266;size=9	d:Eukaryota(1.00),k:Fungi(1.00),p:Ascomycota(1.00),c:Eurotiomycetes(1.00),o:Eurotiales(1.00),f:Aspergillaceae(1.00),g:Aspergillus(1.00),s:Aspergillus_puniceus(1.00)	+	d:Eukaryota,k:Fungi,p:Ascomycota,c:Eurotiomycetes,o:Eurotiales,f:Aspergillaceae,g:Aspergillus,s:Aspergillus_puniceus
OTU97_269;size=8				
OTU97_265;size=9	d:Eukaryota(1.00),k:Fungi(0.97),p:Ascomycota(0.74),c:Sordariomycetes(0.74),o:Hypocreales(0.74),f:Nectriaceae(0.74),g:Fusarium(0.62),s:Fusarium_sp(0.58)	+	d:Eukaryota,k:Fungi,p:Ascomycota,c:Sordariomycetes,o:Hypocreales,f:Nectriaceae,g:Fusarium,s:Fusarium_sp
OTU97_270;size=8				
OTU97_268;size=8	d:Eukaryota(1.00),k:Fungi(1.00),p:Ascomycota(0.53),c:Sordariomycetes(0.47),o:Xylariales(0.46),f:Microdochiaceae(0.46),g:Idriella(0.46),s:Idriella_lunata(0.46)	+	d:Eukaryota,k:Fungi,p:Ascomycota
OTU97_267;size=9	d:Eukaryota(1.00),k:Fungi(1.00),p:unidentified(0.61),c:unidentified(0.62),o:unidentified(0.62),f:unidentified(0.98),g:unidentified(0.98),s:Fungi_sp(0.61)	+	d:Eukaryota,k:Fungi,p:unidentified,c:unidentified,o:unidentified,f:unidentified,g:unidentified,s:Fungi_sp
OTU97_271;size=8	d:Eukaryota(1.00),k:Fungi(1.00),p:unidentified(0.86),c:unidentified(0.86),o:unidentified(0.86),f:unidentified(0.86),g:unidentified(1.00),s:Fungi_sp(0.86)	+	d:Eukaryota,k:Fungi,p:unidentified,c:unidentified,o:unidentified,f:unidentified,g:unidentified,s:Fungi_sp
OTU97_272;size=8	d:Eukaryota(1.00),k:Fungi(1.00),p:Basidiomycota(0.77),c:unidentified(1.00),o:unidentified(1.00),f:unidentified(1.00),g:unidentified(1.00),s:Basidiomycota_sp(0.77)	+	d:Eukaryota,k:Fungi,p:Basidiomycota,c:unidentified,o:unidentified,f:unidentified,g:unidentified,s:Basidiomycota_sp
OTU97_273;size=8	d:Eukaryota(1.00),k:Fungi(1.00),p:unidentified(0.76),c:unidentified(0.76),o:unidentified(0.76),f:unidentified(0.92),g:unidentified(0.92),s:Fungi_sp(0.76)	+	d:Eukaryota,k:Fungi,p:unidentified,c:unidentified,o:unidentified,f:unidentified,g:unidentified,s:Fungi_sp
OTU97_274;size=8	d:Eukaryota(1.00),k:Fungi(1.00),p:Ascomycota(1.00),c:unidentified(0.16),o:unidentified(0.16),f:unidentified(0.90),g:unidentified(0.90),s:Ascomycota_sp(0.16)	+	d:Eukaryota,k:Fungi,p:Ascomycota,f:unidentified,g:unidentified
OTU97_275;size=8				
OTU97_277;size=8	d:Eukaryota(1.00),k:Fungi(1.00),p:unidentified(1.00),c:unidentified(1.00),o:unidentified(1.00),f:unidentified(1.00),g:unidentified(1.00),s:Fungi_sp(1.00)	+	d:Eukaryota,k:Fungi,p:unidentified,c:unidentified,o:unidentified,f:unidentified,g:unidentified,s:Fungi_sp
OTU97_280;size=8				
OTU97_276;size=8	d:Eukaryota(1.00),k:Fungi(1.00),p:Ascomycota(1.00),c:Dothideomycetes(1.00),o:Pleosporales(1.00),f:Phaeosphaeriaceae(1.00),g:Setophaeosphaeria(1.00),s:Setophaeosphaeria_hemerocallidis(1.00)	+	d:Eukaryota,k:Fungi,p:Ascomycota,c:Dothideomycetes,o:Pleosporales,f:Phaeosphaeriaceae,g:Setophaeosphaeria,s:Setophaeosphaeria_hemerocallidis
OTU97_279;size=8	d:Eukaryota(1.00),k:Fungi(1.00),p:Ascomycota(1.00),c:Sordariomycetes(0.31),o:Pleurotheciales(0.31),f:Pleurotheciaceae(0.31),g:Phaeoisaria(0.31),s:Phaeoisaria_sp(0.31)	+	d:Eukaryota,k:Fungi,p:Ascomycota
OTU97_278;size=8	d:Eukaryota(1.00),k:Fungi(1.00),p:Ascomycota(1.00),c:Dothideomycetes(1.00),o:Dothideales(1.00),f:Dothioraceae(1.00),g:Pseudoseptoria(0.12),s:Pseudoseptoria_obscura(0.12)	+	d:Eukaryota,k:Fungi,p:Ascomycota,c:Dothideomycetes,o:Dothideales,f:Dothioraceae
OTU97_281;size=8	d:Eukaryota(1.00),k:Fungi(1.00),p:unidentified(0.99),c:unidentified(1.00),o:unidentified(1.00),f:unidentified(1.00),g:unidentified(1.00),s:Fungi_sp(0.99)	+	d:Eukaryota,k:Fungi,p:unidentified,c:unidentified,o:unidentified,f:unidentified,g:unidentified,s:Fungi_sp
OTU97_283;size=8	d:Eukaryota(1.00),k:Fungi(1.00),p:Ascomycota(0.98),c:Dothideomycetes(0.83),o:Pleosporales(0.83),f:Thyridariaceae(0.80),g:Roussoella(0.80),s:Roussoella_sp(0.80)	+	d:Eukaryota,k:Fungi,p:Ascomycota,c:Dothideomycetes,o:Pleosporales,f:Thyridariaceae,g:Roussoella,s:Roussoella_sp
OTU97_286;size=7				
OTU97_285;size=7	d:Eukaryota(1.00),k:Fungi(1.00),p:unidentified(1.00),c:unidentified(1.00),o:unidentified(1.00),f:unidentified(1.00),g:unidentified(1.00),s:Fungi_sp(1.00)	+	d:Eukaryota,k:Fungi,p:unidentified,c:unidentified,o:unidentified,f:unidentified,g:unidentified,s:Fungi_sp
OTU97_284;size=8	d:Eukaryota(1.00),k:Fungi(1.00),p:unidentified(0.92),c:unidentified(0.92),o:unidentified(0.92),f:unidentified(1.00),g:unidentified(1.00),s:Fungi_sp(0.92)	+	d:Eukaryota,k:Fungi,p:unidentified,c:unidentified,o:unidentified,f:unidentified,g:unidentified,s:Fungi_sp
OTU97_282;size=8	d:Eukaryota(1.00),k:Fungi(1.00),p:Ascomycota(1.00),c:Sordariomycetes(0.98),o:Hypocreales(0.98),f:unidentified(1.00),g:unidentified(1.00),s:Hypocreales_sp(0.98)	+	d:Eukaryota,k:Fungi,p:Ascomycota,c:Sordariomycetes,o:Hypocreales,f:unidentified,g:unidentified,s:Hypocreales_sp
OTU97_287;size=7	d:Eukaryota(1.00),k:Fungi(0.55),p:Mucoromycota(0.55),c:unidentified(1.00),o:unidentified(1.00),f:unidentified(1.00),g:unidentified(1.00),s:Mucoromycota_sp(0.55)	+	d:Eukaryota,k:Fungi,p:Mucoromycota,c:unidentified,o:unidentified,f:unidentified,g:unidentified,s:Mucoromycota_sp
OTU97_290;size=7	d:Eukaryota(1.00),k:Fungi(1.00),p:Ascomycota(1.00),c:Eurotiomycetes(1.00),o:Eurotiales(1.00),f:Trichocomaceae(1.00),g:Talaromyces(1.00),s:Talaromyces_sp(0.98)	+	d:Eukaryota,k:Fungi,p:Ascomycota,c:Eurotiomycetes,o:Eurotiales,f:Trichocomaceae,g:Talaromyces,s:Talaromyces_sp
OTU97_288;size=7	d:Eukaryota(1.00),k:Fungi(1.00),p:unidentified(1.00),c:unidentified(1.00),o:unidentified(1.00),f:unidentified(1.00),g:unidentified(1.00),s:Fungi_sp(1.00)	+	d:Eukaryota,k:Fungi,p:unidentified,c:unidentified,o:unidentified,f:unidentified,g:unidentified,s:Fungi_sp
OTU97_293;size=7				
OTU97_289;size=7	d:Eukaryota(1.00),k:Fungi(1.00),p:unidentified(0.61),c:unidentified(0.89),o:unidentified(0.91),f:unidentified(0.97),g:unidentified(0.98),s:Fungi_sp(0.61)	+	d:Eukaryota,k:Fungi,p:unidentified,c:unidentified,o:unidentified,f:unidentified,g:unidentified,s:Fungi_sp
OTU97_292;size=7	d:Eukaryota(1.00),k:Fungi(1.00),p:Ascomycota(1.00),c:unidentified(1.00),o:unidentified(1.00),f:unidentified(1.00),g:unidentified(1.00),s:Ascomycota_sp(1.00)	+	d:Eukaryota,k:Fungi,p:Ascomycota,c:unidentified,o:unidentified,f:unidentified,g:unidentified,s:Ascomycota_sp
OTU97_291;size=7	d:Eukaryota(1.00),k:Fungi(1.00),p:Ascomycota(1.00),c:Sordariomycetes(1.00),o:Hypocreales(1.00),f:Nectriaceae(1.00),g:Gliocladiopsis(1.00),s:Gliocladiopsis_sp(1.00)	+	d:Eukaryota,k:Fungi,p:Ascomycota,c:Sordariomycetes,o:Hypocreales,f:Nectriaceae,g:Gliocladiopsis,s:Gliocladiopsis_sp
OTU97_295;size=7				
OTU97_294;size=7				
OTU97_297;size=7	d:Eukaryota(1.00),k:Metazoa(0.74),p:Arthropoda(0.66),c:Insecta(0.66),o:Diptera(0.18),f:Drosophilidae(0.12),g:Drosophila(0.12),s:Drosophila_birchii(0.03)	+	d:Eukaryota,k:Metazoa,p:Arthropoda,c:Insecta
OTU97_298;size=7	d:Eukaryota(1.00),k:Fungi(1.00),p:unidentified(1.00),c:unidentified(1.00),o:unidentified(1.00),f:unidentified(1.00),g:unidentified(1.00),s:Fungi_sp(1.00)	+	d:Eukaryota,k:Fungi,p:unidentified,c:unidentified,o:unidentified,f:unidentified,g:unidentified,s:Fungi_sp
OTU97_296;size=7	d:Eukaryota(1.00),k:Fungi(1.00),p:Ascomycota(0.66),c:Dothideomycetes(0.66),o:Pleosporales(0.66),f:Lophiostomataceae(0.12),g:Lophiostoma(0.04),s:Lophiostoma_cynaroidis(0.04)	+	d:Eukaryota,k:Fungi,p:Ascomycota,c:Dothideomycetes,o:Pleosporales
OTU97_300;size=7	d:Eukaryota(1.00),k:Fungi(1.00),p:Glomeromycota(0.99),c:Glomeromycetes(0.90),o:Glomerales(0.90),f:Glomeraceae(0.90),g:Rhizophagus(0.82),s:Rhizophagus_sp(0.65)	+	d:Eukaryota,k:Fungi,p:Glomeromycota,c:Glomeromycetes,o:Glomerales,f:Glomeraceae,g:Rhizophagus,s:Rhizophagus_sp
OTU97_303;size=7	d:Eukaryota(1.00),k:Fungi(1.00),p:unidentified(1.00),c:unidentified(1.00),o:unidentified(1.00),f:unidentified(1.00),g:unidentified(1.00),s:Fungi_sp(1.00)	+	d:Eukaryota,k:Fungi,p:unidentified,c:unidentified,o:unidentified,f:unidentified,g:unidentified,s:Fungi_sp
OTU97_304;size=7	d:Eukaryota(1.00),k:Fungi(1.00),p:unidentified(0.50),c:unidentified(0.50),o:unidentified(0.50),f:unidentified(0.50),g:unidentified(0.50),s:Fungi_sp(0.50)	+	d:Eukaryota,k:Fungi,p:unidentified,c:unidentified,o:unidentified,f:unidentified,g:unidentified,s:Fungi_sp
OTU97_305;size=6	d:Eukaryota(1.00),k:Fungi(1.00),p:Chytridiomycota(0.98),c:unidentified(1.00),o:unidentified(1.00),f:unidentified(1.00),g:unidentified(1.00),s:Chytridiomycota_sp(0.98)	+	d:Eukaryota,k:Fungi,p:Chytridiomycota,c:unidentified,o:unidentified,f:unidentified,g:unidentified,s:Chytridiomycota_sp
OTU97_307;size=6				
OTU97_302;size=7	d:Eukaryota(1.00),k:Fungi(1.00),p:Ascomycota(0.96),c:Eurotiomycetes(0.95),o:Onygenales(0.91),f:Onygenaceae(0.89),g:Auxarthron(0.89),s:Auxarthron_sp(0.12)	+	d:Eukaryota,k:Fungi,p:Ascomycota,c:Eurotiomycetes,o:Onygenales,f:Onygenaceae,g:Auxarthron
OTU97_299;size=7	d:Eukaryota(1.00),k:Fungi(1.00),p:Ascomycota(0.96),c:Sordariomycetes(0.96),o:Hypocreales(0.96),f:Nectriaceae(0.96),g:Mariannaea(0.96),s:Mariannaea_catenulatae(0.96)	+	d:Eukaryota,k:Fungi,p:Ascomycota,c:Sordariomycetes,o:Hypocreales,f:Nectriaceae,g:Mariannaea,s:Mariannaea_catenulatae
OTU97_301;size=7	d:Eukaryota(1.00),k:Fungi(1.00),p:Ascomycota(1.00),c:unidentified(1.00),o:unidentified(1.00),f:unidentified(1.00),g:unidentified(1.00),s:Ascomycota_sp(1.00)	+	d:Eukaryota,k:Fungi,p:Ascomycota,c:unidentified,o:unidentified,f:unidentified,g:unidentified,s:Ascomycota_sp
OTU97_309;size=6				
OTU97_308;size=6	d:Eukaryota(1.00),k:Fungi(1.00),p:Ascomycota(1.00),c:Sordariomycetes(1.00),o:Hypocreales(1.00),f:unidentified(1.00),g:unidentified(1.00),s:Hypocreales_sp(1.00)	+	d:Eukaryota,k:Fungi,p:Ascomycota,c:Sordariomycetes,o:Hypocreales,f:unidentified,g:unidentified,s:Hypocreales_sp
OTU97_310;size=6	d:Eukaryota(1.00),k:Fungi(1.00),p:Ascomycota(1.00),c:Saccharomycetes(1.00),o:Saccharomycetales(1.00),f:Trichomonascaceae(1.00),g:Blastobotrys(1.00),s:Blastobotrys_sp(1.00)	+	d:Eukaryota,k:Fungi,p:Ascomycota,c:Saccharomycetes,o:Saccharomycetales,f:Trichomonascaceae,g:Blastobotrys,s:Blastobotrys_sp
OTU97_311;size=6				
OTU97_313;size=6	d:Eukaryota(1.00),k:Fungi(1.00),p:Ascomycota(0.90),c:Sordariomycetes(0.88),o:Xylariales(0.88),f:Xylariaceae(0.87),g:Xylaria(0.84),s:Xylaria_sp(0.64)	+	d:Eukaryota,k:Fungi,p:Ascomycota,c:Sordariomycetes,o:Xylariales,f:Xylariaceae,g:Xylaria,s:Xylaria_sp
OTU97_312;size=6				
OTU97_315;size=6				
OTU97_306;size=6	d:Eukaryota(1.00),k:Fungi(0.98),p:Ascomycota(0.93),c:Sordariomycetes(0.92),o:Hypocreales(0.92),f:Nectriaceae(0.92),g:Fusarium(0.91),s:Fusarium_sp(0.59)	+	d:Eukaryota,k:Fungi,p:Ascomycota,c:Sordariomycetes,o:Hypocreales,f:Nectriaceae,g:Fusarium,s:Fusarium_sp
OTU97_316;size=6				
OTU97_314;size=6	d:Eukaryota(1.00),k:Fungi(1.00),p:Ascomycota(0.90),c:Sordariomycetes(0.90),o:Hypocreales(0.90),f:Bionectriaceae(0.90),g:Geosmithia(0.90),s:Geosmithia_sp(0.90)	+	d:Eukaryota,k:Fungi,p:Ascomycota,c:Sordariomycetes,o:Hypocreales,f:Bionectriaceae,g:Geosmithia,s:Geosmithia_sp
OTU97_319;size=6	d:Eukaryota(1.00),k:Fungi(1.00),p:Ascomycota(1.00),c:Eurotiomycetes(1.00),o:Onygenales(1.00),f:Onygenales_fam_Incertae_sedis(1.00),g:Chrysosporium(1.00),s:Chrysosporium_sp(0.78)	+	d:Eukaryota,k:Fungi,p:Ascomycota,c:Eurotiomycetes,o:Onygenales,f:Onygenales_fam_Incertae_sedis,g:Chrysosporium,s:Chrysosporium_sp
OTU97_317;size=6	d:Eukaryota(1.00),k:Fungi(1.00),p:unidentified(1.00),c:unidentified(1.00),o:unidentified(1.00),f:unidentified(1.00),g:unidentified(1.00),s:Fungi_sp(1.00)	+	d:Eukaryota,k:Fungi,p:unidentified,c:unidentified,o:unidentified,f:unidentified,g:unidentified,s:Fungi_sp
OTU97_320;size=6				
OTU97_318;size=6				
OTU97_321;size=6	d:Eukaryota(1.00),k:Fungi(1.00),p:unidentified(0.68),c:unidentified(0.69),o:unidentified(0.69),f:unidentified(0.69),g:unidentified(0.87),s:Fungi_sp(0.68)	+	d:Eukaryota,k:Fungi,p:unidentified,c:unidentified,o:unidentified,f:unidentified,g:unidentified,s:Fungi_sp
OTU97_325;size=5				
OTU97_324;size=5	d:Eukaryota(1.00),k:Fungi(1.00),p:Glomeromycota(0.96),c:Glomeromycetes(0.73),o:Glomerales(0.73),f:Glomeraceae(0.73),g:Glomus(0.16),s:Glomus_aggregatum(0.16)	+	d:Eukaryota,k:Fungi,p:Glomeromycota,c:Glomeromycetes,o:Glomerales,f:Glomeraceae
OTU97_323;size=5	d:Eukaryota(1.00),k:Fungi(1.00),p:Ascomycota(1.00),c:unidentified(1.00),o:unidentified(1.00),f:unidentified(1.00),g:unidentified(1.00),s:Ascomycota_sp(1.00)	+	d:Eukaryota,k:Fungi,p:Ascomycota,c:unidentified,o:unidentified,f:unidentified,g:unidentified,s:Ascomycota_sp
OTU97_322;size=6	d:Eukaryota(1.00),k:Fungi(1.00),p:Ascomycota(1.00),c:Eurotiomycetes(1.00),o:Chaetothyriales(1.00),f:Herpotrichiellaceae(1.00),g:Exophiala(0.99),s:Exophiala_dermatitidis(0.99)	+	d:Eukaryota,k:Fungi,p:Ascomycota,c:Eurotiomycetes,o:Chaetothyriales,f:Herpotrichiellaceae,g:Exophiala,s:Exophiala_dermatitidis
OTU97_328;size=5				
OTU97_327;size=5	d:Eukaryota(1.00),k:Fungi(1.00),p:unidentified(1.00),c:unidentified(1.00),o:unidentified(1.00),f:unidentified(1.00),g:unidentified(1.00),s:Fungi_sp(1.00)	+	d:Eukaryota,k:Fungi,p:unidentified,c:unidentified,o:unidentified,f:unidentified,g:unidentified,s:Fungi_sp
OTU97_326;size=5				
OTU97_330;size=5	d:Eukaryota(1.00),k:Fungi(1.00),p:Ascomycota(1.00),c:unidentified(0.90),o:unidentified(0.90),f:unidentified(0.90),g:unidentified(0.93),s:Ascomycota_sp(0.90)	+	d:Eukaryota,k:Fungi,p:Ascomycota,c:unidentified,o:unidentified,f:unidentified,g:unidentified,s:Ascomycota_sp
OTU97_331;size=5	d:Eukaryota(1.00),k:Fungi(1.00),p:Ascomycota(1.00),c:unidentified(1.00),o:unidentified(1.00),f:unidentified(1.00),g:unidentified(1.00),s:Ascomycota_sp(1.00)	+	d:Eukaryota,k:Fungi,p:Ascomycota,c:unidentified,o:unidentified,f:unidentified,g:unidentified,s:Ascomycota_sp
OTU97_329;size=5	d:Eukaryota(1.00),k:Fungi(1.00),p:Ascomycota(1.00),c:Eurotiomycetes(1.00),o:Eurotiales(1.00),f:Aspergillaceae(1.00),g:Polypaecilum(0.86),s:Polypaecilum_sp(0.86)	+	d:Eukaryota,k:Fungi,p:Ascomycota,c:Eurotiomycetes,o:Eurotiales,f:Aspergillaceae,g:Polypaecilum,s:Polypaecilum_sp
OTU97_333;size=5				
OTU97_332;size=5	d:Eukaryota(1.00),k:Fungi(0.95),p:unidentified(0.44),c:unidentified(0.95),o:unidentified(1.00),f:unidentified(1.00),g:unidentified(1.00),s:Fungi_sp(0.44)	+	d:Eukaryota,k:Fungi,c:unidentified,o:unidentified,f:unidentified,g:unidentified
OTU97_334;size=5	d:Eukaryota(1.00),k:Fungi(1.00),p:unidentified(0.97),c:unidentified(1.00),o:unidentified(1.00),f:unidentified(1.00),g:unidentified(1.00),s:Fungi_sp(0.97)	+	d:Eukaryota,k:Fungi,p:unidentified,c:unidentified,o:unidentified,f:unidentified,g:unidentified,s:Fungi_sp
OTU97_335;size=5				
OTU97_336;size=5	d:Eukaryota(1.00),k:Fungi(1.00),p:Ascomycota(1.00),c:Eurotiomycetes(1.00),o:Chaetothyriales(1.00),f:Herpotrichiellaceae(1.00),g:Capronia(1.00),s:Capronia_fungicola(1.00)	+	d:Eukaryota,k:Fungi,p:Ascomycota,c:Eurotiomycetes,o:Chaetothyriales,f:Herpotrichiellaceae,g:Capronia,s:Capronia_fungicola
OTU97_337;size=5				
OTU97_340;size=5	d:Eukaryota(1.00),k:Fungi(1.00),p:Ascomycota(1.00),c:Sordariomycetes(1.00),o:Xylariales(1.00),f:Xylariaceae(1.00),g:Biscogniauxia(1.00),s:Biscogniauxia_sp(1.00)	+	d:Eukaryota,k:Fungi,p:Ascomycota,c:Sordariomycetes,o:Xylariales,f:Xylariaceae,g:Biscogniauxia,s:Biscogniauxia_sp
OTU97_339;size=5	d:Eukaryota(1.00),k:Fungi(1.00),p:Basidiomycota(1.00),c:Agaricomycetes(1.00),o:Agaricales(1.00),f:Omphalotaceae(1.00),g:Gymnopus(1.00),s:Gymnopus_gibbosus(1.00)	+	d:Eukaryota,k:Fungi,p:Basidiomycota,c:Agaricomycetes,o:Agaricales,f:Omphalotaceae,g:Gymnopus,s:Gymnopus_gibbosus
OTU97_338;size=5	d:Eukaryota(1.00),k:Fungi(1.00),p:unidentified(0.95),c:unidentified(0.95),o:unidentified(0.95),f:unidentified(0.95),g:unidentified(0.98),s:Fungi_sp(0.95)	+	d:Eukaryota,k:Fungi,p:unidentified,c:unidentified,o:unidentified,f:unidentified,g:unidentified,s:Fungi_sp
OTU97_341;size=5				
OTU97_342;size=5	d:Eukaryota(1.00),k:Fungi(1.00),p:Glomeromycota(1.00),c:Glomeromycetes(1.00),o:Glomerales(1.00),f:Glomeraceae(1.00),g:unidentified(1.00),s:Glomeraceae_sp(1.00)	+	d:Eukaryota,k:Fungi,p:Glomeromycota,c:Glomeromycetes,o:Glomerales,f:Glomeraceae,g:unidentified,s:Glomeraceae_sp
OTU97_343;size=5	d:Eukaryota(1.00),k:Fungi(1.00),p:Basidiomycota(1.00),c:Agaricomycetes(1.00),o:Agaricales(1.00),f:Pluteaceae(1.00),g:Pluteus(1.00),s:Pluteus_sp(0.99)	+	d:Eukaryota,k:Fungi,p:Basidiomycota,c:Agaricomycetes,o:Agaricales,f:Pluteaceae,g:Pluteus,s:Pluteus_sp
OTU97_345;size=5	d:Eukaryota(1.00),k:Fungi(1.00),p:Ascomycota(0.99),c:unidentified(0.98),o:unidentified(0.98),f:unidentified(0.98),g:unidentified(0.98),s:Ascomycota_sp(0.97)	+	d:Eukaryota,k:Fungi,p:Ascomycota,c:unidentified,o:unidentified,f:unidentified,g:unidentified,s:Ascomycota_sp
OTU97_344;size=5	d:Eukaryota(1.00),k:Fungi(1.00),p:unidentified(1.00),c:unidentified(1.00),o:unidentified(1.00),f:unidentified(1.00),g:unidentified(1.00),s:Fungi_sp(1.00)	+	d:Eukaryota,k:Fungi,p:unidentified,c:unidentified,o:unidentified,f:unidentified,g:unidentified,s:Fungi_sp
OTU97_347;size=4	d:Eukaryota(1.00),k:Fungi(1.00),p:Mortierellomycota(0.76),c:Mortierellomycetes(0.76),o:Mortierellales(0.76),f:Mortierellaceae(0.76),g:Mortierella(0.73),s:Mortierella_sp(0.73)	+	d:Eukaryota,k:Fungi,p:Mortierellomycota,c:Mortierellomycetes,o:Mortierellales,f:Mortierellaceae,g:Mortierella,s:Mortierella_sp
OTU97_348;size=4	d:Eukaryota(1.00),k:Fungi(1.00),p:Ascomycota(1.00),c:Sordariomycetes(1.00),o:Savoryellales(1.00),f:Savoryellaceae(1.00),g:Canalisporium(0.95),s:Canalisporium_pulchrum(0.33)	+	d:Eukaryota,k:Fungi,p:Ascomycota,c:Sordariomycetes,o:Savoryellales,f:Savoryellaceae,g:Canalisporium
OTU97_350;size=4				
OTU97_349;size=4	d:Eukaryota(1.00),k:Fungi(0.95),p:unidentified(0.60),c:unidentified(0.61),o:unidentified(0.61),f:unidentified(0.61),g:unidentified(0.65),s:Fungi_sp(0.60)	+	d:Eukaryota,k:Fungi,p:unidentified,c:unidentified,o:unidentified,f:unidentified,g:unidentified,s:Fungi_sp
OTU97_346;size=5	d:Eukaryota(1.00),k:Fungi(1.00),p:Ascomycota(0.93),c:unidentified(0.74),o:unidentified(0.74),f:unidentified(0.74),g:unidentified(0.84),s:Ascomycota_sp(0.67)	+	d:Eukaryota,k:Fungi,p:Ascomycota,c:unidentified,o:unidentified,f:unidentified,g:unidentified,s:Ascomycota_sp
OTU97_351;size=4	d:Eukaryota(1.00),k:Fungi(1.00),p:unidentified(1.00),c:unidentified(1.00),o:unidentified(1.00),f:unidentified(1.00),g:unidentified(1.00),s:Fungi_sp(1.00)	+	d:Eukaryota,k:Fungi,p:unidentified,c:unidentified,o:unidentified,f:unidentified,g:unidentified,s:Fungi_sp
OTU97_357;size=4				
OTU97_356;size=4				
OTU97_352;size=4				
OTU97_353;size=4	d:Eukaryota(1.00),k:Fungi(1.00),p:Ascomycota(1.00),c:Sordariomycetes(1.00),o:Sordariales(1.00),f:Chaetomiaceae(1.00),g:Trichocladium(1.00),s:Trichocladium_pyriforme(1.00)	+	d:Eukaryota,k:Fungi,p:Ascomycota,c:Sordariomycetes,o:Sordariales,f:Chaetomiaceae,g:Trichocladium,s:Trichocladium_pyriforme
OTU97_355;size=4	d:Eukaryota(1.00),k:Fungi(1.00),p:unidentified(0.18),c:unidentified(0.63),o:unidentified(0.63),f:unidentified(0.63),g:unidentified(0.97),s:Fungi_sp(0.18)	+	d:Eukaryota,k:Fungi,c:unidentified,o:unidentified,f:unidentified,g:unidentified
OTU97_360;size=4				
OTU97_354;size=4	d:Eukaryota(1.00),k:Fungi(1.00),p:unidentified(1.00),c:unidentified(1.00),o:unidentified(1.00),f:unidentified(1.00),g:unidentified(1.00),s:Fungi_sp(1.00)	+	d:Eukaryota,k:Fungi,p:unidentified,c:unidentified,o:unidentified,f:unidentified,g:unidentified,s:Fungi_sp
OTU97_358;size=4				
OTU97_359;size=4	d:Eukaryota(1.00),k:Fungi(1.00),p:unidentified(1.00),c:unidentified(1.00),o:unidentified(1.00),f:unidentified(1.00),g:unidentified(1.00),s:Fungi_sp(1.00)	+	d:Eukaryota,k:Fungi,p:unidentified,c:unidentified,o:unidentified,f:unidentified,g:unidentified,s:Fungi_sp
OTU97_363;size=4				
OTU97_367;size=4				
OTU97_361;size=4				
OTU97_362;size=4	d:Eukaryota(1.00),k:Fungi(1.00),p:Ascomycota(0.85),c:unidentified(0.99),o:unidentified(0.99),f:unidentified(0.99),g:unidentified(0.99),s:Ascomycota_sp(0.83)	+	d:Eukaryota,k:Fungi,p:Ascomycota,c:unidentified,o:unidentified,f:unidentified,g:unidentified,s:Ascomycota_sp
OTU97_366;size=4	d:Eukaryota(1.00),k:Fungi(0.99),p:unidentified(0.98),c:unidentified(0.98),o:unidentified(0.98),f:unidentified(0.98),g:unidentified(0.98),s:Fungi_sp(0.98)	+	d:Eukaryota,k:Fungi,p:unidentified,c:unidentified,o:unidentified,f:unidentified,g:unidentified,s:Fungi_sp
OTU97_369;size=4				
OTU97_365;size=4	d:Eukaryota(1.00),k:Fungi(1.00),p:unidentified(1.00),c:unidentified(1.00),o:unidentified(1.00),f:unidentified(1.00),g:unidentified(1.00),s:Fungi_sp(1.00)	+	d:Eukaryota,k:Fungi,p:unidentified,c:unidentified,o:unidentified,f:unidentified,g:unidentified,s:Fungi_sp
OTU97_364;size=4	d:Eukaryota(1.00),k:Fungi(1.00),p:Ascomycota(0.98),c:Eurotiomycetes(0.98),o:Chaetothyriales(0.98),f:Herpotrichiellaceae(0.98),g:Phialophora(0.98),s:Phialophora_geniculata(0.98)	+	d:Eukaryota,k:Fungi,p:Ascomycota,c:Eurotiomycetes,o:Chaetothyriales,f:Herpotrichiellaceae,g:Phialophora,s:Phialophora_geniculata
OTU97_368;size=4	d:Eukaryota(1.00),k:Fungi(1.00),p:Ascomycota(1.00),c:Dothideomycetes(1.00),o:Capnodiales(1.00),f:unidentified(1.00),g:unidentified(1.00),s:Capnodiales_sp(1.00)	+	d:Eukaryota,k:Fungi,p:Ascomycota,c:Dothideomycetes,o:Capnodiales,f:unidentified,g:unidentified,s:Capnodiales_sp
OTU97_371;size=4				
OTU97_374;size=3	d:Eukaryota(1.00),k:Fungi(1.00),p:unidentified(1.00),c:unidentified(1.00),o:unidentified(1.00),f:unidentified(1.00),g:unidentified(1.00),s:Fungi_sp(1.00)	+	d:Eukaryota,k:Fungi,p:unidentified,c:unidentified,o:unidentified,f:unidentified,g:unidentified,s:Fungi_sp
OTU97_373;size=3	d:Eukaryota(1.00),k:Fungi(1.00),p:Ascomycota(1.00),c:unidentified(1.00),o:unidentified(1.00),f:unidentified(1.00),g:unidentified(1.00),s:Ascomycota_sp(1.00)	+	d:Eukaryota,k:Fungi,p:Ascomycota,c:unidentified,o:unidentified,f:unidentified,g:unidentified,s:Ascomycota_sp
OTU97_372;size=4	d:Eukaryota(1.00),k:Fungi(1.00),p:Ascomycota(0.99),c:Sordariomycetes(0.71),o:Hypocreales(0.71),f:Hypocreaceae(0.71),g:Trichoderma(0.71),s:Trichoderma_longibrachiatum(0.71)	+	d:Eukaryota,k:Fungi,p:Ascomycota,c:Sordariomycetes,o:Hypocreales,f:Hypocreaceae,g:Trichoderma,s:Trichoderma_longibrachiatum
OTU97_375;size=3	d:Eukaryota(1.00),k:Fungi(1.00),p:Mortierellomycota(0.76),c:Mortierellomycetes(0.76),o:Mortierellales(0.76),f:Mortierellaceae(0.76),g:unidentified(0.91),s:Mortierellaceae_sp(0.67)	+	d:Eukaryota,k:Fungi,p:Mortierellomycota,c:Mortierellomycetes,o:Mortierellales,f:Mortierellaceae,g:unidentified,s:Mortierellaceae_sp
OTU97_377;size=3	d:Eukaryota(1.00),k:Fungi(1.00),p:unidentified(1.00),c:unidentified(1.00),o:unidentified(1.00),f:unidentified(1.00),g:unidentified(1.00),s:Fungi_sp(1.00)	+	d:Eukaryota,k:Fungi,p:unidentified,c:unidentified,o:unidentified,f:unidentified,g:unidentified,s:Fungi_sp
OTU97_380;size=3	d:Eukaryota(1.00),k:Fungi(1.00),p:Ascomycota(1.00),c:Eurotiomycetes(1.00),o:Onygenales(1.00),f:Onygenales_fam_Incertae_sedis(1.00),g:Chrysosporium(1.00),s:Chrysosporium_sp(1.00)	+	d:Eukaryota,k:Fungi,p:Ascomycota,c:Eurotiomycetes,o:Onygenales,f:Onygenales_fam_Incertae_sedis,g:Chrysosporium,s:Chrysosporium_sp
OTU97_378;size=3				
OTU97_370;size=4	d:Eukaryota(1.00),k:Fungi(1.00),p:Ascomycota(1.00),c:Eurotiomycetes(1.00),o:Eurotiales(1.00),f:Aspergillaceae(1.00),g:Aspergillus(1.00),s:Aspergillus_fumigatus(1.00)	+	d:Eukaryota,k:Fungi,p:Ascomycota,c:Eurotiomycetes,o:Eurotiales,f:Aspergillaceae,g:Aspergillus,s:Aspergillus_fumigatus
OTU97_381;size=3	d:Eukaryota(1.00),k:Fungi(1.00),p:unidentified(0.52),c:unidentified(1.00),o:unidentified(1.00),f:unidentified(1.00),g:unidentified(1.00),s:Fungi_sp(0.52)	+	d:Eukaryota,k:Fungi,p:unidentified,c:unidentified,o:unidentified,f:unidentified,g:unidentified,s:Fungi_sp
OTU97_379;size=3				
OTU97_376;size=3	d:Eukaryota(1.00),k:Fungi(1.00),p:Ascomycota(1.00),c:unidentified(1.00),o:unidentified(1.00),f:unidentified(1.00),g:unidentified(1.00),s:Ascomycota_sp(1.00)	+	d:Eukaryota,k:Fungi,p:Ascomycota,c:unidentified,o:unidentified,f:unidentified,g:unidentified,s:Ascomycota_sp
OTU97_383;size=3	d:Eukaryota(1.00),k:Fungi(1.00),p:Basidiomycota(1.00),c:unidentified(1.00),o:unidentified(1.00),f:unidentified(1.00),g:unidentified(1.00),s:Basidiomycota_sp(1.00)	+	d:Eukaryota,k:Fungi,p:Basidiomycota,c:unidentified,o:unidentified,f:unidentified,g:unidentified,s:Basidiomycota_sp
OTU97_386;size=3				
OTU97_382;size=3	d:Eukaryota(1.00),k:Fungi(1.00),p:Ascomycota(1.00),c:unidentified(1.00),o:unidentified(1.00),f:unidentified(1.00),g:unidentified(1.00),s:Ascomycota_sp(1.00)	+	d:Eukaryota,k:Fungi,p:Ascomycota,c:unidentified,o:unidentified,f:unidentified,g:unidentified,s:Ascomycota_sp
OTU97_385;size=3	d:Eukaryota(1.00),k:Fungi(1.00),p:Ascomycota(0.90),c:unidentified(0.75),o:unidentified(0.75),f:unidentified(0.90),g:unidentified(0.90),s:Ascomycota_sp(0.65)	+	d:Eukaryota,k:Fungi,p:Ascomycota,c:unidentified,o:unidentified,f:unidentified,g:unidentified,s:Ascomycota_sp
OTU97_384;size=3	d:Eukaryota(1.00),k:Fungi(1.00),p:Ascomycota(1.00),c:Sordariomycetes(0.97),o:Hypocreales(0.97),f:Hypocreales_fam_Incertae_sedis(0.60),g:Sarocladium(0.60),s:Sarocladium_sp(0.60)	+	d:Eukaryota,k:Fungi,p:Ascomycota,c:Sordariomycetes,o:Hypocreales,f:Hypocreales_fam_Incertae_sedis,g:Sarocladium,s:Sarocladium_sp
OTU97_388;size=3				
OTU97_387;size=3	d:Eukaryota(1.00),k:Fungi(1.00),p:Ascomycota(0.79),c:Sordariomycetes(0.79),o:Hypocreales(0.79),f:unidentified(0.97),g:unidentified(0.97),s:Hypocreales_sp(0.76)	+	d:Eukaryota,k:Fungi,p:Ascomycota,c:Sordariomycetes,o:Hypocreales,f:unidentified,g:unidentified,s:Hypocreales_sp
OTU97_391;size=3	d:Eukaryota(1.00),k:Fungi(1.00),p:unidentified(1.00),c:unidentified(1.00),o:unidentified(1.00),f:unidentified(1.00),g:unidentified(1.00),s:Fungi_sp(1.00)	+	d:Eukaryota,k:Fungi,p:unidentified,c:unidentified,o:unidentified,f:unidentified,g:unidentified,s:Fungi_sp
OTU97_393;size=3	d:Eukaryota(1.00),k:Fungi(1.00),p:unidentified(1.00),c:unidentified(1.00),o:unidentified(1.00),f:unidentified(1.00),g:unidentified(1.00),s:Fungi_sp(1.00)	+	d:Eukaryota,k:Fungi,p:unidentified,c:unidentified,o:unidentified,f:unidentified,g:unidentified,s:Fungi_sp
OTU97_392;size=3				
OTU97_390;size=3	d:Eukaryota(1.00),k:Fungi(1.00),p:Chytridiomycota(1.00),c:unidentified(1.00),o:unidentified(1.00),f:unidentified(1.00),g:unidentified(1.00),s:Chytridiomycota_sp(1.00)	+	d:Eukaryota,k:Fungi,p:Chytridiomycota,c:unidentified,o:unidentified,f:unidentified,g:unidentified,s:Chytridiomycota_sp
OTU97_389;size=3				
OTU97_396;size=2				
OTU97_397;size=2				
OTU97_395;size=2				
OTU97_394;size=3	d:Eukaryota(1.00),k:Fungi(1.00),p:Ascomycota(0.99),c:Dothideomycetes(0.99),o:Pleosporales(0.99),f:Pleosporaceae(0.99),g:Curvularia(0.99),s:Curvularia_clavata(0.95)	+	d:Eukaryota,k:Fungi,p:Ascomycota,c:Dothideomycetes,o:Pleosporales,f:Pleosporaceae,g:Curvularia,s:Curvularia_clavata
OTU97_398;size=2	d:Eukaryota(1.00),k:Fungi(1.00),p:Ascomycota(1.00),c:Eurotiomycetes(1.00),o:Onygenales(1.00),f:Onygenales_fam_Incertae_sedis(0.98),g:Chrysosporium(0.98),s:Chrysosporium_fluviale(0.98)	+	d:Eukaryota,k:Fungi,p:Ascomycota,c:Eurotiomycetes,o:Onygenales,f:Onygenales_fam_Incertae_sedis,g:Chrysosporium,s:Chrysosporium_fluviale
OTU97_399;size=2	d:Eukaryota(1.00),k:Fungi(1.00),p:Ascomycota(1.00),c:Dothideomycetes(1.00),o:Pleosporales(0.87),f:Tetraplosphaeriaceae(0.87),g:unidentified(0.68),s:Tetraplosphaeriaceae_sp(0.55)	+	d:Eukaryota,k:Fungi,p:Ascomycota,c:Dothideomycetes,o:Pleosporales,f:Tetraplosphaeriaceae,g:unidentified,s:Tetraplosphaeriaceae_sp
OTU97_400;size=2	d:Eukaryota(1.00),k:Fungi(1.00),p:Ascomycota(1.00),c:Sordariomycetes(0.91),o:Hypocreales(0.91),f:unidentified(1.00),g:unidentified(1.00),s:Hypocreales_sp(0.91)	+	d:Eukaryota,k:Fungi,p:Ascomycota,c:Sordariomycetes,o:Hypocreales,f:unidentified,g:unidentified,s:Hypocreales_sp
OTU97_401;size=2	d:Eukaryota(1.00),k:Fungi(0.84),p:Ascomycota(0.84),c:unidentified(1.00),o:unidentified(1.00),f:unidentified(1.00),g:unidentified(1.00),s:Ascomycota_sp(0.84)	+	d:Eukaryota,k:Fungi,p:Ascomycota,c:unidentified,o:unidentified,f:unidentified,g:unidentified,s:Ascomycota_sp
OTU97_402;size=2				
OTU97_405;size=2	d:Eukaryota(1.00),k:Fungi(1.00),p:Ascomycota(1.00),c:Eurotiomycetes(1.00),o:Onygenales(1.00),f:Onygenales_fam_Incertae_sedis(0.57),g:Arthropsis(0.57),s:Arthropsis_hispanica(0.57)	+	d:Eukaryota,k:Fungi,p:Ascomycota,c:Eurotiomycetes,o:Onygenales,f:Onygenales_fam_Incertae_sedis,g:Arthropsis,s:Arthropsis_hispanica
OTU97_406;size=2	d:Eukaryota(1.00),k:Fungi(1.00),p:Ascomycota(1.00),c:Orbiliomycetes(0.78),o:Orbiliales(0.78),f:Orbiliales_fam_Incertae_sedis(0.78),g:Vermispora(0.78),s:Vermispora_sp(0.56)	+	d:Eukaryota,k:Fungi,p:Ascomycota,c:Orbiliomycetes,o:Orbiliales,f:Orbiliales_fam_Incertae_sedis,g:Vermispora,s:Vermispora_sp
OTU97_407;size=2	d:Eukaryota(1.00),k:Fungi(1.00),p:unidentified(0.98),c:unidentified(1.00),o:unidentified(1.00),f:unidentified(1.00),g:unidentified(1.00),s:Fungi_sp(0.98)	+	d:Eukaryota,k:Fungi,p:unidentified,c:unidentified,o:unidentified,f:unidentified,g:unidentified,s:Fungi_sp
OTU97_403;size=2				
OTU97_404;size=2	d:Eukaryota(1.00),k:Fungi(1.00),p:unidentified(0.52),c:unidentified(0.52),o:unidentified(0.52),f:unidentified(0.70),g:unidentified(0.70),s:Fungi_sp(0.52)	+	d:Eukaryota,k:Fungi,p:unidentified,c:unidentified,o:unidentified,f:unidentified,g:unidentified,s:Fungi_sp
OTU97_409;size=2	d:Eukaryota(1.00),k:Euglenozoa(0.71),p:Euglenozoa_phy_Incertae_sedis(0.71),c:Euglenozoa_cls_Incertae_sedis(0.71),o:Kinetoplastida(0.71),f:Trypanosomatidae(0.71),g:Leptomonas(0.71),s:Leptomonas_sp(0.71)	+	d:Eukaryota,k:Euglenozoa,p:Euglenozoa_phy_Incertae_sedis,c:Euglenozoa_cls_Incertae_sedis,o:Kinetoplastida,f:Trypanosomatidae,g:Leptomonas,s:Leptomonas_sp
OTU97_408;size=2				
