"","x"
"post_inoc_post_stress 1",45094
"post_inoc_post_stress 2",6118
"post_inoc_post_stress 3",4895
"post_inoc_post_stress 4",6910
"post_inoc_post_stress 5",9636
"post_inoc_post_stress 6",10231
"post_inoc_post_stress 7",13691
"post_inoc_post_stress 8",19335
"post_inoc_post_stress 9",1412
"post_inoc_post_stress 10",2898
"post_inoc_post_stress 11",1901
"post_inoc_post_stress 12",3969
"post_inoc_post_stress 13",1921
"post_inoc_post_stress 14",1632
"post_inoc_post_stress 15",1142
"post_inoc_post_stress 16",4308
"post_inoc_post_stress 17",6443
"post_inoc_post_stress 18",13330
"post_inoc_post_stress 19",10402
"post_inoc_post_stress 20",1531
"post_inoc_post_stress 21",8090
"post_inoc_post_stress 22",4007
"post_inoc_post_stress 23",23013
"post_inoc_post_stress 24",10261
"post_inoc_post_stress 25",13917
"post_inoc_post_stress 26",7794
"post_inoc_post_stress 27",11448
"post_inoc_post_stress 28",19147
"post_inoc_post_stress 29",10777
"post_inoc_post_stress 30",13946
"post_inoc_post_stress 31",14101
"post_inoc_post_stress 32",6609
"post_inoc_post_stress 33",3885
"post_inoc_post_stress 34",7
"post_inoc_post_stress 35",20434
"post_inoc_post_stress 36",12842
"post_inoc_post_stress 37",10830
"post_inoc_post_stress 38",10389
"post_inoc_post_stress 39",556
"post_inoc_post_stress 40",31825
"post_inoc_post_stress 41",14454
"post_inoc_post_stress 42",700
"post_inoc_post_stress 43",12435
"post_inoc_post_stress 44",1404
"post_inoc_post_stress 45",623
"post_inoc_post_stress 46",26709
"post_inoc_post_stress 47",8352
"post_inoc_post_stress 48",6899
"post_inoc_post_stress 49",18045
"post_inoc_post_stress 50",797
"post_inoc_post_stress 51",10463
"post_inoc_post_stress 52",16049
"post_inoc_post_stress 53",4426
"post_inoc_post_stress 54",1672
"post_inoc_post_stress 55",7602
"post_inoc_post_stress 56",1036
"post_inoc_post_stress 57",2285
"post_inoc_post_stress 58",4887
"post_inoc_post_stress 59",6606
"post_inoc_post_stress 60",19422
"post_inoc_post_stress 61",844
"post_inoc_post_stress 62",16835
"post_inoc_post_stress 63",9078
"post_inoc_post_stress 64",14060
"post_inoc_post_stress 65",903
"post_inoc_post_stress 66",445
"post_inoc_post_stress 67",12466
"post_inoc_post_stress 68",8614
"post_inoc_post_stress 69",5489
"post_inoc_post_stress 70",29063
"post_inoc_post_stress 71",19986
"post_inoc_post_stress 72",12965
"post_inoc_post_stress 73",13123
"post_inoc_post_stress 74",2850
"post_inoc_post_stress 75",19319
"post_inoc_post_stress 76",12080
"post_inoc_post_stress 77",24651
"post_inoc_post_stress 78",17
"post_inoc_post_stress 79",9688
"post_inoc_post_stress 80",16253
"post_inoc_post_stress 81",5
"post_inoc_post_stress 82",1840
"post_inoc_post_stress 83",6978
"post_inoc_post_stress 84",8252
"post_inoc_post_stress 85",10715
"post_inoc_post_stress 86",23639
"post_inoc_post_stress 87",15509
"post_inoc_post_stress 88",3739
"post_inoc_post_stress 89",3812
"post_inoc_post_stress 90",4389
"post_inoc_post_stress 91",2427
"post_inoc_post_stress 92",151
"post_inoc_post_stress 93",7919
"post_inoc_post_stress 94",24575
"post_inoc_post_stress 95",7361
"post_inoc_post_stress 96",25448
"post_inoc_post_stress 97",25175
"post_inoc_post_stress 98",29993
"post_inoc_post_stress 99",1694
"post_inoc_post_stress 100",8645
"post_inoc_post_stress 101",19697
"post_inoc_post_stress 102",19022
"post_inoc_post_stress 103",3926
"post_inoc_post_stress 104",2302
"post_inoc_post_stress 105",9774
"post_inoc_post_stress 106",36383
"post_inoc_post_stress 107",18615
"post_inoc_post_stress 108",9167
"post_inoc_post_stress 109",5521
"post_inoc_post_stress 110",5772
"post_inoc_post_stress 111",4369
"post_inoc_post_stress 112",10680
"post_inoc_post_stress 113",9057
"post_inoc_post_stress 114",4799
"post_inoc_post_stress 115",10830
"post_inoc_post_stress 116",637
"post_inoc_post_stress 117",17547
"post_inoc_post_stress 118",10855
"post_inoc_post_stress 119",368
"post_inoc_post_stress 120",10222
"post_inoc_post_stress 121",6306
"post_inoc_post_stress 122",4220
"post_inoc_post_stress 123",4
"post_inoc_post_stress 124",12456
"post_inoc_post_stress 125",20274
"post_inoc_post_stress 126",22780
"post_inoc_post_stress 127",710
"post_inoc_post_stress 128",3166
"post_inoc_post_stress 129",4585
"post_inoc_post_stress 130",7037
"post_inoc_post_stress 131",28894
"post_inoc_post_stress 132",4854
"post_inoc_post_stress 133",19507
"post_inoc_post_stress 134",13667
"post_inoc_post_stress 135",9884
"post_inoc_post_stress 136",13252
"post_inoc_post_stress 137",8990
"post_inoc_post_stress 138",13019
"post_inoc_post_stress 139",7897
"post_inoc_post_stress 140",3346
"post_inoc_post_stress 141",2198
"post_inoc_post_stress 142",12405
"post_inoc_post_stress 143",11062
"post_inoc_post_stress 144",16308
"post_inoc_post_stress 145",1265
"post_inoc_post_stress 146",8965
"post_inoc_post_stress 147",2120
"post_inoc_post_stress 148",22029
"post_inoc_post_stress 149",2524
"post_inoc_post_stress 150",23488
"post_inoc_post_stress 151",3054
"post_inoc_post_stress 152",7584
"post_inoc_post_stress 153",9512
"post_inoc_post_stress 154",8443
"post_inoc_post_stress 155",10794
"post_inoc_post_stress 156",6781
"post_inoc_post_stress 157",14903
"post_inoc_post_stress 158",6591
"post_inoc_post_stress 159",8144
"post_inoc_post_stress 160",18119
"post_inoc_post_stress 161",12893
"post_inoc_post_stress 162",12069
"post_inoc_post_stress 163",23952
"post_inoc_post_stress 164",34033
"post_inoc_post_stress 165",17098
"post_inoc_post_stress 166",25464
"post_inoc_post_stress 167",8560
"post_inoc_post_stress 168",89248
"post_inoc_post_stress 169",2854
"post_inoc_post_stress 170",25398
"post_inoc_post_stress 171",16173
"post_inoc_post_stress 172",14031
"post_inoc_post_stress 173",18996
"post_inoc_post_stress 174",9868
"post_inoc_post_stress 175",33172
"post_inoc_post_stress 176",4546
"post_inoc_post_stress 177",10472
"post_inoc_post_stress 178",10472
"post_inoc_post_stress 179",16016
"post_inoc_post_stress 180",2380
"post_inoc_post_stress 181",5414
"post_inoc_post_stress 182",10899
"post_inoc_post_stress 183",6571
"post_inoc_post_stress 184",19100
"post_inoc_post_stress 185",7013
"post_inoc_post_stress 186",7918
"post_inoc_post_stress 187",2378
"post_inoc_post_stress 188",9400
"post_inoc_post_stress 189",2521
"post_inoc_post_stress 190",7488
"post_inoc_post_stress 191",5568
"post_inoc_post_stress 192",12449
"post_inoc_post_stress 193",2522
"post_inoc_post_stress 194",1447
"post_inoc_post_stress 195",8786
"post_inoc_post_stress 196",9905
"post_inoc_post_stress 197",9921
"post_inoc_post_stress 198",6953
"post_inoc_post_stress 199",5260
"post_inoc_post_stress 200",19959
"post_inoc_post_stress 201",17460
"post_inoc_post_stress 202",65924
"post_inoc_post_stress 203",26342
"post_inoc_post_stress 204",5222
"post_inoc_post_stress 205",10916
"post_inoc_post_stress 206",35571
"post_inoc_post_stress 207",374
"post_inoc_post_stress 208",12501
"post_inoc_post_stress 209",15978
"post_inoc_post_stress 210",3979
"post_inoc_post_stress 211",54990
"post_inoc_post_stress 212",9619
"post_inoc_post_stress 213",7597
"post_inoc_post_stress 214",5405
"post_inoc_post_stress 215",2638
"post_inoc_post_stress 216",1716
"post_inoc_post_stress 217",15562
"post_inoc_post_stress 218",25515
"post_inoc_post_stress 219",33869
"post_inoc_post_stress 220",17190
"post_inoc_post_stress 221",63174
"post_inoc_post_stress 222",12020
"post_inoc_post_stress 223",2066
"post_inoc_post_stress 224",9424
"post_inoc_post_stress 225",20987
"post_inoc_post_stress 226",659
"post_inoc_post_stress 227",1305
"post_inoc_post_stress 228",3751
"post_inoc_post_stress 229",2211
"post_inoc_post_stress 230",7987
"post_inoc_post_stress 231",10336
"post_inoc_post_stress 232",25905
"post_inoc_post_stress 233",9932
"post_inoc_post_stress 234",14877
"post_inoc_post_stress 235",1930
"post_inoc_post_stress 236",3528
"post_inoc_post_stress 237",327
"post_inoc_post_stress 238",35372
"post_inoc_post_stress 239",17860
"post_inoc_post_stress 240",4573
"post_inoc_post_stress 241",12704
"post_inoc_post_stress 242",951
"post_inoc_post_stress 243",3352
"post_inoc_post_stress 244",846
"post_inoc_post_stress 245",35681
"post_inoc_post_stress 246",3027
"post_inoc_post_stress 247",6671
"post_inoc_post_stress 248",862
"post_inoc_post_stress 249",2898
"post_inoc_post_stress 250",6026
"post_inoc_post_stress 251",1892
"post_inoc_post_stress 252",2284
"post_inoc_post_stress 253",329
"post_inoc_post_stress 254",2809
"post_inoc_post_stress 255",820
"post_inoc_post_stress 256",2770
"post_inoc_post_stress 257",3477
"post_inoc_post_stress 258",1181
"post_inoc_post_stress 259",526
"post_inoc_post_stress 260",6948
"post_inoc_post_stress 261",5853
"post_inoc_post_stress 262",3291
"post_inoc_post_stress 263",2392
"post_inoc_post_stress 264",5143
"post_inoc_post_stress 265",13502
"post_inoc_post_stress 266",6906
"post_inoc_post_stress 267",16488
"post_inoc_post_stress 268",20002
"post_inoc_post_stress 269",6899
"post_inoc_post_stress 270",9246
"post_inoc_post_stress 271",14538
"post_inoc_post_stress 272",8933
"post_inoc_post_stress 273",209
"post_inoc_post_stress 274",4544
"post_inoc_post_stress 275",10973
"post_inoc_post_stress 276",17904
"post_inoc_post_stress 277",9990
"post_inoc_post_stress 278",27846
"post_inoc_post_stress 279",10344
"post_inoc_post_stress 280",10201
"post_inoc_post_stress 281",17865
"post_inoc_post_stress 282",16499
"post_inoc_post_stress 283",919
"post_inoc_post_stress 284",2448
"post_inoc_post_stress 285",1793
"post_inoc_post_stress 286",6070
"post_inoc_post_stress 287",9745
"post_inoc_post_stress 288",12042
"post_inoc_post_stress 289",6918
"post_inoc_post_stress 290",8346
"post_inoc_post_stress 291",1390
"post_inoc_post_stress 292",2664
"post_inoc_post_stress 293",42434
"post_inoc_post_stress 294",36995
"post_inoc_post_stress 295",10387
"post_inoc_post_stress 296",2342
"post_inoc_post_stress 297",14382
"post_inoc_post_stress 298",7576
"post_inoc_post_stress 299",14927
"post_inoc_post_stress 300",8029
"post_inoc_post_stress 301",8472
"post_inoc_post_stress 302",2139
"post_inoc_post_stress 303",9785
"post_inoc_post_stress 304",27659
"post_inoc_post_stress 305",2305
"post_inoc_post_stress 306",5275
"post_inoc_post_stress 307",6181
"post_inoc_post_stress 308",30733
"post_inoc_post_stress 309",5823
"post_inoc_post_stress 310",1174
"post_inoc_post_stress 311",1836
"post_inoc_post_stress 312",7515
"post_inoc_post_stress 313",5895
"post_inoc_post_stress 314",2156
"post_inoc_post_stress 315",63
"post_inoc_post_stress 316",3189
"post_inoc_post_stress 317",14771
"post_inoc_post_stress 318",6520
"post_inoc_post_stress 319",10973
"post_inoc_post_stress 320",9830
"post_inoc_post_stress 321",7820
"post_inoc_post_stress 322",8023
"post_inoc_post_stress 323",11239
"post_inoc_post_stress 324",17706
"post_inoc_post_stress 325",22381
"post_inoc_post_stress 326",3121
"post_inoc_post_stress 327",14977
"post_inoc_post_stress 328",1606
"post_inoc_post_stress 329",5552
"post_inoc_post_stress 330",1744
"post_inoc_post_stress 331",4093
"post_inoc_post_stress 332",18069
"post_inoc_post_stress 333",22154
"post_inoc_post_stress 334",16877
"post_inoc_post_stress 335",4062
"post_inoc_post_stress 336",31985
"post_inoc_post_stress 337",1976
"post_inoc_post_stress 338",10960
"post_inoc_post_stress 339",7258
"post_inoc_post_stress 340",30074
"post_inoc_post_stress 341",4581
"post_inoc_post_stress 342",11795
"post_inoc_post_stress 343",20097
"post_inoc_post_stress 344",40415
"post_inoc_post_stress 345",3819
"post_inoc_post_stress 346",18923
"post_inoc_post_stress 347",8432
"post_inoc_post_stress 348",867
"post_inoc_post_stress 349",13077
"post_inoc_post_stress 350",7801
"post_inoc_post_stress 351",3887
"post_inoc_post_stress 352",1705
"post_inoc_post_stress 353",6336
"post_inoc_post_stress 354",29458
"post_inoc_post_stress 355",42734
"post_inoc_post_stress 356",6151
"post_inoc_post_stress 357",14271
"post_inoc_post_stress 358",7042
"post_inoc_post_stress 359",1361
"post_inoc_post_stress 360",1694
"post_inoc_post_stress 361",18296
"post_inoc_post_stress 362",10150
"post_inoc_post_stress 363",23514
"post_inoc_post_stress 364",11644
"post_inoc_post_stress 365",40443
"post_inoc_post_stress 366",7274
"post_inoc_post_stress 367",10597
"post_inoc_post_stress 368",4920
"post_inoc_post_stress 369",3039
"post_inoc_post_stress 370",4331
"post_inoc_post_stress 371",5570
"post_inoc_post_stress 372",2390
"post_inoc_post_stress 373",6623
"post_inoc_post_stress 374",1763
"post_inoc_post_stress 375",12380
"post_inoc_post_stress 376",22463
"post_inoc_post_stress 377",3391
"post_inoc_post_stress 378",1406
"post_inoc_post_stress 379",568
"post_inoc_post_stress 380",21498
"post_inoc_post_stress 381",15410
"post_inoc_post_stress 382",2620
"post_inoc_post_stress 383",1022
"post_inoc_post_stress 384",24693
"post_inoc_post_stress 385",22599
"post_inoc_post_stress 386",29803
"post_inoc_post_stress 387",3562
"post_inoc_post_stress 388",5015
"post_inoc_post_stress 389",13730
"post_inoc_post_stress 390",7109
"post_inoc_post_stress 391",1648
"post_inoc_post_stress 392",16450
"post_inoc_post_stress 393",14165
"post_inoc_post_stress 394",6153
"post_inoc_post_stress 395",13767
"post_inoc_post_stress 396",4019
"post_inoc_post_stress 397",33989
"post_inoc_post_stress 398",3786
"post_inoc_post_stress 399",2592
"post_inoc_post_stress 400",13772
"post_inoc_post_stress 401",25
"post_inoc_post_stress 402",8502
